"SYMBOL","annotation","distanceToTSS"
"ISG15","Promoter (<=1kb)",0
"FTH1","3' UTR",3451
"DOK3","Promoter (<=1kb)",-278
"TOP2A","Exon (ENST00000423485.6/7153, exon 20 of 35)",-3431
"FIBCD1","Intron (ENST00000448616.5/84929, intron 5 of 7)",8164
"FIBCD1","Intron (ENST00000448616.5/84929, intron 5 of 7)",10251
"CHAF1B","Promoter (<=1kb)",0
"DLG5","Intron (ENST00000372391.7/9231, intron 1 of 31)",14919
"PMEL","Promoter (<=1kb)",40
"EPHA2","Promoter (<=1kb)",-327
"LOC107985034","Intron (ENST00000581078.1/79637, intron 2 of 2)",-6389
"IFFO2","Promoter (2-3kb)",-2198
"NCAPH","Exon (ENST00000477409.1/23397, exon 10 of 10)",-4853
"IGSF9B","Promoter (2-3kb)",2594
"TACC2","Intron (ENST00000369005.6/10579, intron 2 of 22)",7939
"CITED2","Intron (ENST00000775572.1/102723690, intron 4 of 4)",5807
"RHPN1","Promoter (<=1kb)",-11
"DNAJC18","Promoter (<=1kb)",0
"SPINK5","Distal Intergenic",-19334
"LPCAT1","Intron (ENST00000475622.6/79888, intron 8 of 16)",-11100
"OR2B6","Distal Intergenic",27343
"SPOCD1","Distal Intergenic",-11073
"RELN","Intron (ENST00000343529.9/5649, intron 1 of 63)",56407
"CAST","Promoter (<=1kb)",0
"PTPRZ1","Promoter (1-2kb)",1094
"GABBR2","Intron (ENST00000259455.4/9568, intron 13 of 18)",10971
"CLEC3B","Distal Intergenic",17189
"LOC124901094","Intron (ENST00000732555.1/ENST00000732555.1, intron 1 of 1)",-6297
"HSPB6","Promoter (<=1kb)",0
"C21orf58","Promoter (2-3kb)",2102
"TEAD1","Promoter (<=1kb)",0
"ITGAX","Promoter (<=1kb)",-20
"CBX7","Promoter (<=1kb)",-97
"CPAMD8","Intron (ENST00000651564.2/27151, intron 27 of 41)",-6354
"PAX5","Intron (ENST00000358127.9/5079, intron 5 of 9)",-8274
"PSAPL1","Intron (ENST00000507866.6/57537, intron 2 of 26)",-3073
"SYNE3","Exon (ENST00000557275.5/161176, exon 15 of 17)",22817
"EGFR-AS1","Exon (ENST00000275493.7/1956, exon 20 of 28)",7540
"WNT4","Promoter (1-2kb)",1270
"STRIP2","Intron (ENST00000249344.7/57464, intron 1 of 20)",4420
"MAGI2","Intron (ENST00000354212.9/9863, intron 20 of 21)",-11703
"FOXN1","Intron (ENST00000444914.7/9058, intron 6 of 11)",-13486
"FLNC","Promoter (<=1kb)",-346
"VWC2","Intron (ENST00000340652.5/375567, intron 2 of 3)",17512
"PACSIN1","Intron (ENST00000620693.4/29993, intron 2 of 9)",11798
"SPC24","Intron (ENST00000585567.5/147841, intron 4 of 5)",13448
"STARD13","Intron (ENST00000730891.1/90627, intron 2 of 4)",9653
"MAST4","Intron (ENST00000406374.5/375449, intron 1 of 5)",-7518
"FREM1","Intron (ENST00000380880.4/158326, intron 1 of 36)",21260
"CD34","Promoter (1-2kb)",1615
"CATSPERG","Promoter (2-3kb)",-2998
"ALDH1A2","Promoter (<=1kb)",0
"DLG5","Promoter (<=1kb)",338
"CAPN11","3' UTR",7217
"TMEM45A","Promoter (<=1kb)",-29
"LMOD1","Intron (ENST00000367288.5/25802, intron 1 of 2)",4651
"DGKG","Promoter (2-3kb)",2972
"TRIP13","Intron (ENST00000512024.5/9319, intron 5 of 8)",9475
"CILP2","Promoter (<=1kb)",455
"SPN","Intron (ENST00000809314.1/ENST00000809314.1, intron 1 of 3)",-5769
"ENTPD1","Intron (ENST00000453258.6/953, intron 7 of 9)",5453
"ANTXR2","Intron (ENST00000403729.7/118429, intron 10 of 16)",45209
"TNS1","Intron (ENST00000646520.1/7145, intron 19 of 32)",4649
"C1orf21","Intron (ENST00000235307.7/81563, intron 4 of 5)",6503
"EBF1","Intron (ENST00000519890.5/1879, intron 2 of 11)",25137
"FTH1","3' UTR",3654
"OAS2","Promoter (<=1kb)",-760
"DLC1","Promoter (<=1kb)",667
"SCN4B","Exon (ENST00000845474.1/ENST00000845474.1, exon 1 of 3)",-3776
"LIMS2","Promoter (2-3kb)",2153
"USB1","Promoter (<=1kb)",0
"GAREM1","Intron (ENST00000583696.1/64762, intron 1 of 2)",25737
"NUP210","Promoter (1-2kb)",1784
"FOSL1","Promoter (<=1kb)",0
"PTGDS","Promoter (<=1kb)",-485
"LAGE3","Promoter (<=1kb)",253
"KRT13","Promoter (<=1kb)",0
"CPAMD8","Intron (ENST00000651564.2/27151, intron 29 of 41)",3407
"CWH43","Promoter (<=1kb)",0
"FIBCD1","Intron (ENST00000448616.5/84929, intron 5 of 7)",7656
"FIBCD1","Intron (ENST00000448616.5/84929, intron 3 of 7)",4192
"ADAMTS14","Intron (ENST00000373207.2/140766, intron 2 of 21)",12617
"DENND2C","Intron (ENST00000393276.7/163259, intron 6 of 17)",15165
"FIBCD1","Intron (ENST00000448616.5/84929, intron 5 of 7)",13469
"IFFO2","Promoter (<=1kb)",-80
"LINC01940","Intron (ENST00000448943.2/117581, intron 1 of 1)",35564
"TMEM45A","Downstream (<=300bp)",6693
"ETS2","Distal Intergenic",-6332
"IGSF9B","Promoter (<=1kb)",598
"CDCA5","Promoter (<=1kb)",0
"TFPI","Distal Intergenic",-11641
"PKD1L2","Intron (ENST00000533478.5/114780, intron 13 of 31)",3950
"H2AC11","Promoter (<=1kb)",0
"PRX","Promoter (<=1kb)",0
"EPHA2","Promoter (<=1kb)",250
"XRCC2","Promoter (<=1kb)",0
"PRX","Promoter (<=1kb)",-296
"MELK","Intron (ENST00000536329.5/9833, intron 8 of 15)",7921
"PPP1R12B","Promoter (<=1kb)",0
"PITX1","Distal Intergenic",11508
"MLXIPL","Exon (ENST00000345114.9/51085, exon 2 of 16)",8255
"DGKG","Intron (ENST00000265022.8/1608, intron 21 of 24)",33729
"INHBA","Exon (ENST00000662280.1/285954, exon 2 of 2)",-5503
"PPP1R12B","Intron (ENST00000608999.6/4660, intron 1 of 23)",31487
"CDC6","Distal Intergenic",-3163
"KLHDC7B","Promoter (<=1kb)",-68
"TNS2","Promoter (1-2kb)",1075
"LPCAT1","Promoter (<=1kb)",0
"SHC3","Promoter (2-3kb)",2777
"CREB5","Exon (ENST00000454851.1/ENST00000454851.1, exon 1 of 1)",6107
"MAP3K21","Distal Intergenic",49128
"PLCD1","Promoter (1-2kb)",1243
"MKI67","Intron (ENST00000837691.1/ENST00000837691.1, intron 1 of 2)",10951
"PALM","Promoter (2-3kb)",2516
"PAX5","Promoter (2-3kb)",-2583
"MCAM","Promoter (<=1kb)",70
"FANCA","Promoter (<=1kb)",-478
"LY6D","Intron (ENST00000510610.2/ENST00000510610.2, intron 2 of 2)",-16770
"NLGN1","Intron (ENST00000423427.1/22871, intron 1 of 1)",13284
"EGFR","Intron (ENST00000344576.7/1956, intron 1 of 15)",31228
"DKK2","Promoter (1-2kb)",1291
"MAP3K21","Promoter (<=1kb)",972
"LSR","Promoter (<=1kb)",379
"PAMR1","Intron (ENST00000844059.1/128385377, intron 1 of 1)",-25764
"GPRASP1","Promoter (<=1kb)",-149
"GABBR2","Exon (ENST00000259455.4/9568, exon 14 of 19)",-4404
"IL16","Intron (ENST00000560241.5/3603, intron 1 of 12)",22621
"GPRASP1","Intron (ENST00000602463.5/100528062, intron 3 of 5)",-7509
"LOC105374056","Intron (ENST00000797238.1/105374056, intron 2 of 5)",-4520
"COL8A1","Intron (ENST00000452013.5/1295, intron 2 of 3)",41038
"MAST4","Exon (ENST00000403625.7/375449, exon 24 of 29)",6820
"AHNAK","Promoter (2-3kb)",2817
"PAPPA","Distal Intergenic",-41237
"SHMT2","Promoter (<=1kb)",0
"THSD4","Intron (ENST00000796204.1/ENST00000796204.1, intron 1 of 1)",6226
"PARVA","Intron (ENST00000334956.15/55742, intron 10 of 12)",41201
"GPLD1","Promoter (<=1kb)",0
"EGFR","Intron (ENST00000344576.7/1956, intron 1 of 15)",15271
"ADCY5","Promoter (<=1kb)",794
"ALDH1A2","Distal Intergenic",53144
"E2F2","3' UTR",11562
"JMJD7","Promoter (<=1kb)",-112
"DEPDC1","Distal Intergenic",-102891
"MAST4","Intron (ENST00000406374.5/375449, intron 1 of 5)",-56929
"LONRF2","Intron (ENST00000393437.8/164832, intron 9 of 11)",18000
"ACKR1","Promoter (<=1kb)",151
"VWC2","Intron (ENST00000340652.5/375567, intron 2 of 3)",3456
"USP18","3' UTR",-3791
"C21orf58","Promoter (2-3kb)",-2869
"LOC124901453","Intron (ENST00000275300.3/6581, intron 1 of 10)",-7418
"LHFPL6","Promoter (2-3kb)",2145
"PLLP","Intron (ENST00000613167.4/51090, intron 1 of 3)",7677
"PACSIN1","Promoter (<=1kb)",142
"CACNA1B","Intron (ENST00000371372.6/774, intron 15 of 46)",-85284
"H3C10","Promoter (<=1kb)",-426
"ATF3","Promoter (<=1kb)",0
"IL1RL2","Intron (ENST00000481806.1/8808, intron 6 of 9)",-15354
"PLD1","Distal Intergenic",84438
"ZCCHC12","Promoter (<=1kb)",-13
"GABBR2","Promoter (<=1kb)",-694
"MIR99AHG","Intron (ENST00000635845.2/388815, intron 1 of 5)",-8276
"CAST","Intron (ENST00000718091.1/831, intron 5 of 11)",-7599
"BLACAT1","Distal Intergenic",-13120
"LOC105377124","Promoter (2-3kb)",-2997
"IFI6","Intron (ENST00000628586.2/ENST00000628586.2, intron 2 of 2)",-14088
"DLC1","Intron (ENST00000662638.1/ENST00000662638.1, intron 1 of 1)",-59550
"EPHA2","Promoter (1-2kb)",-1940
"PAMR1","Distal Intergenic",-24513
"ACACB","Promoter (<=1kb)",0
"SYNPO2","Intron (ENST00000610556.4/171024, intron 1 of 4)",-4623
"PLLP","Distal Intergenic",-14854
"CLSPN","Promoter (<=1kb)",-48
"CAST","Intron (ENST00000502645.3/831, intron 2 of 5)",9157
"HMCN2","Intron (ENST00000683500.2/256158, intron 26 of 97)",-36188
"EZH2","Promoter (1-2kb)",1042
"FAM78A","Exon (ENST00000840418.1/ENST00000840418.1, exon 1 of 3)",8133
"GALNT13","Intron (ENST00000392825.8/114805, intron 9 of 12)",-33070
"RRM2","Promoter (2-3kb)",-2261
"CDC6","Promoter (<=1kb)",0
"PARVA","Intron (ENST00000530755.5/55742, intron 1 of 3)",18019
"EPHB6","Promoter (<=1kb)",243
"PLLP","Distal Intergenic",-15427
"ALDH1A2","Exon (ENST00000804819.1/ENST00000804819.1, exon 3 of 3)",-3089
"PLA2G2D","Exon (ENST00000375105.8/26279, exon 3 of 4)",3732
"TRHDE-AS1","Intron (ENST00000548156.1/29953, intron 2 of 4)",3887
"LOC105377124","Intron (ENST00000770413.1/100507098, intron 7 of 8)",3133
"ITGA8","Promoter (<=1kb)",-228
"SHMT2","3' UTR",-4401
"ADA2","Intron (ENST00000399837.8/51816, intron 3 of 9)",4147
"KIF18B","Promoter (<=1kb)",0
"MAMDC2","Intron (ENST00000721035.1/ENST00000721035.1, intron 1 of 2)",-110646
"SH3RF2","Intron (ENST00000639411.1/643226, intron 2 of 3)",-28067
"ERBB4","Intron (ENST00000342788.9/2066, intron 1 of 27)",-22806
"POLD1","Promoter (2-3kb)",2949
"PCSK2","Intron (ENST00000377899.5/5126, intron 9 of 12)",-24455
"MYBL2","Intron (ENST00000396863.8/4605, intron 2 of 12)",14304
"TACC3","Distal Intergenic",15340
"LOC124901453","Intron (ENST00000275300.3/6581, intron 1 of 10)",18502
"ACAN","Promoter (1-2kb)",1688
"IL1RL2","Exon (ENST00000481806.1/8808, exon 9 of 10)",-5731
"TRPC6","Intron (ENST00000526713.1/7225, intron 1 of 1)",23950
"GLI3","Intron (ENST00000839902.1/ENST00000839902.1, intron 5 of 5)",94481
"ZNF469","Distal Intergenic",-16890
"ATP1A2","Promoter (1-2kb)",1198
"ADRA1A","Promoter (<=1kb)",0
"RAI2","Intron (ENST00000415486.7/10742, intron 1 of 2)",32250
"GABBR2","Intron (ENST00000259455.4/9568, intron 2 of 18)",5165
"TIMELESS","Promoter (<=1kb)",12
"CENPN","Promoter (<=1kb)",300
"ADAM33","3' UTR",-4868
"TERC","Promoter (<=1kb)",0
"IL22RA1","Intron (ENST00000327535.6/163702, intron 6 of 6)",-14823
"DTL","Promoter (1-2kb)",1503
"TUBB3","Promoter (<=1kb)",-219
"LOC105378781","Intron (ENST00000370982.4/55970, intron 2 of 3)",-15213
"SLC7A4","Promoter (<=1kb)",-500
"AKAP12","Intron (ENST00000402676.7/9590, intron 4 of 4)",12361
"ONECUT2","Intron (ENST00000491143.3/9480, intron 1 of 1)",17393
"LDB3","Distal Intergenic",-22089
"PM20D1","Promoter (2-3kb)",2331
"CP","Promoter (<=1kb)",0
"LAPTM5","Distal Intergenic",-11118
"HMGCR","Promoter (<=1kb)",0
"CYP4B1","Distal Intergenic",18495
"MASP1","Intron (ENST00000337774.10/5648, intron 4 of 15)",3759
"LOC105377124","Intron (ENST00000770413.1/100507098, intron 3 of 8)",-4650
"GAS7","Intron (ENST00000432992.7/8522, intron 2 of 13)",-22745
"ALDH1A2","Exon (ENST00000558073.5/8854, exon 2 of 5)",33069
"MEG3","Intron (ENST00000824814.1/ENST00000824814.1, intron 1 of 1)",9703
"LOC101927344","Distal Intergenic",17432
"TNS1","Intron (ENST00000646520.1/7145, intron 3 of 32)",14218
"HOPX","Promoter (<=1kb)",0
"GLI3","Intron (ENST00000677288.1/2737, intron 2 of 13)",23390
"CYRIB","Distal Intergenic",21690
"TACR2","Promoter (1-2kb)",1510
"DNASE2","Promoter (<=1kb)",0
"PGAP4","Intron (ENST00000424154.6/101928470, intron 1 of 2)",8203
"DMKN","Promoter (<=1kb)",48
"STARD13","Intron (ENST00000730891.1/90627, intron 2 of 4)",6054
"ZBTB16","3' UTR",4832
"COL17A1","3' UTR",4455
"TSHZ2","Intron (ENST00000371497.10/128553, intron 1 of 2)",48532
"CAV1","Promoter (<=1kb)",-49
"PRDM16","Promoter (1-2kb)",-1971
"GALNT13","Distal Intergenic",-24161
"MNX1-AS1","Intron (ENST00000818639.1/ENST00000818639.1, intron 1 of 1)",45525
"LSR","Promoter (<=1kb)",0
"MAOA","Promoter (<=1kb)",0
"DAAM2","Intron (ENST00000633794.1/23500, intron 1 of 25)",-4587
"IGF1","Intron (ENST00000337514.11/3479, intron 2 of 3)",12073
"PGAP6","Promoter (<=1kb)",-724
"RFX2","Intron (ENST00000692521.2/ENST00000692521.2, intron 1 of 1)",-17483
"CHST1","Distal Intergenic",-6123
"CREB5","Intron (ENST00000396299.6/9586, intron 1 of 9)",-48281
"PLPP1","Exon (ENST00000755034.1/ENST00000755034.1, exon 2 of 3)",-12130
"DSC3","Exon (ENST00000821339.1/ENST00000821339.1, exon 1 of 5)",330470
"IRAG1","Promoter (<=1kb)",-983
"PITX1","Intron (ENST00000504352.1/347732, intron 7 of 7)",26235
"C14orf132","Distal Intergenic",-40429
"PER2","Distal Intergenic",-4362
"FAT3","Distal Intergenic",-72273
"ADGRD1","Intron (ENST00000261654.10/283383, intron 13 of 24)",16552
"C1QB","Promoter (<=1kb)",-686
"SLC6A2","Distal Intergenic",-7869
"PDE2A","Intron (ENST00000334456.10/5138, intron 4 of 30)",-3214
"COL11A1","Promoter (1-2kb)",1558
"TNFRSF9","Promoter (1-2kb)",1981
"ADAMTS15","Promoter (1-2kb)",1501
"LINC02884","Intron (ENST00000748382.1/105378909, intron 1 of 3)",31573
"HDGF","Promoter (<=1kb)",0
"MYOF","Intron (ENST00000359263.9/26509, intron 5 of 53)",-35779
"ZNF469","Promoter (<=1kb)",843
"KIF26B","Intron (ENST00000407071.7/55083, intron 2 of 14)",-15264
"PSRC1","Promoter (<=1kb)",126
"SLC16A9","Intron (ENST00000395347.1/220963, intron 1 of 5)",-9595
"TRIM46","Promoter (1-2kb)",1226
"SPR","Promoter (<=1kb)",0
"FAT4","Intron (ENST00000785632.1/ENST00000785632.1, intron 1 of 2)",-69730
"EPHB6","Promoter (2-3kb)",-2836
"FER","Promoter (<=1kb)",572
"TEAD1","Promoter (<=1kb)",55
"SLIT3","Intron (ENST00000519560.6/6586, intron 1 of 35)",10900
"PARP1","Promoter (<=1kb)",-93
"GRIK3","Intron (ENST00000373091.8/2899, intron 1 of 15)",38927
"COTL1","Promoter (<=1kb)",-611
"NLGN1","Intron (ENST00000423427.1/22871, intron 1 of 1)",-55191
"STIL","Promoter (<=1kb)",-56
"ANK2","Intron (ENST00000672356.1/287, intron 1 of 43)",-6996
"ADCY5","Intron (ENST00000462833.6/111, intron 12 of 20)",-3696
"OR2B6","Exon (ENST00000406496.1/ENST00000406496.1, exon 1 of 1)",20180
"CATSPERG","Promoter (<=1kb)",-261
"SVIL","Promoter (1-2kb)",-1432
"SLIT2","Intron (ENST00000504154.6/9353, intron 4 of 36)",58783
"LAMA2","Distal Intergenic",-75259
"DAAM2","Promoter (1-2kb)",1853
"ORAI2","3' UTR",14041
"LDB2","Exon (ENST00000512345.5/9079, exon 3 of 7)",6901
"COL22A1","Intron (ENST00000341807.8/169044, intron 7 of 38)",24832
"NYNRIN","Distal Intergenic",-6358
"MKI67","Intron (ENST00000837691.1/ENST00000837691.1, intron 1 of 2)",14504
"HDGF","Intron (ENST00000491853.5/5546, intron 1 of 3)",-6273
"FLNC","Promoter (2-3kb)",2256
"CAB39L","Intron (ENST00000409308.6/81617, intron 1 of 10)",6786
"DAAM2","Exon (ENST00000633794.1/23500, exon 6 of 26)",-18044
"IGFN1","Intron (ENST00000335211.9/91156, intron 5 of 23)",6519
"MYORG","Promoter (<=1kb)",459
"FAT3","Intron (ENST00000525166.6/120114, intron 4 of 27)",-108938
"ZNF469","Distal Intergenic",-43790
"AHNAK","Promoter (2-3kb)",2179
"SPOCD1","Distal Intergenic",-18586
"TACC2","Intron (ENST00000369005.6/10579, intron 5 of 22)",-23408
"FAM222A","Promoter (<=1kb)",-107
"ESR1","Promoter (<=1kb)",0
"PNPLA5","Promoter (1-2kb)",1910
"MEG3","Promoter (<=1kb)",761
"C14orf132","Intron (ENST00000553764.1/56967, intron 2 of 2)",12426
"MAGI2","Intron (ENST00000354212.9/9863, intron 3 of 21)",-19140
"H2BC11","Distal Intergenic",40766
"ZBTB16","Promoter (<=1kb)",-60
"CES4A","Promoter (1-2kb)",1229
"TNS1","Promoter (<=1kb)",0
"LOC107987100","Intron (ENST00000778322.1/107987100, intron 2 of 2)",14399
"NUP210","Promoter (<=1kb)",403
"LAMA2","Intron (ENST00000617695.5/3908, intron 41 of 63)",-12732
"CPAMD8","Promoter (2-3kb)",-2557
"NCCRP1","Promoter (1-2kb)",1007
"MFAP4","Distal Intergenic",-10333
"SH3BGRL2","Intron (ENST00000718097.1/83699, intron 2 of 2)",-46658
"RYR3","Intron (ENST00000415757.7/6263, intron 62 of 102)",11843
"DIPK2B","Intron (ENST00000438181.5/105373191, intron 1 of 3)",-39495
"C14orf132","Intron (ENST00000553764.1/56967, intron 2 of 2)",17341
"SORBS1","Intron (ENST00000371227.8/10580, intron 13 of 31)",-7747
"DLG5","Intron (ENST00000372391.7/9231, intron 1 of 31)",12259
"ANK2","Promoter (<=1kb)",25
"ITGA8","Intron (ENST00000378076.4/8516, intron 3 of 29)",34853
"ZNF469","Intron (ENST00000767800.1/84627, intron 1 of 2)",7211
"BCRP3","Promoter (2-3kb)",2224
"SH3RF2","Intron (ENST00000359120.9/153769, intron 2 of 9)",42925
"PER2","Intron (ENST00000254657.8/8864, intron 14 of 22)",3202
"SHC3","Intron (ENST00000375835.9/53358, intron 1 of 11)",6827
"ANTXR2","Intron (ENST00000403729.7/118429, intron 8 of 16)",37713
"CYP4F22","Intron (ENST00000269703.8/126410, intron 13 of 13)",25608
"GABBR2","Intron (ENST00000259455.4/9568, intron 4 of 18)",31784
"MELK","Distal Intergenic",-4554
"SORBS1","Intron (ENST00000371227.8/10580, intron 1 of 31)",-9331
"ABR","Intron (ENST00000302538.10/29, intron 1 of 22)",8734
"ADAMTS14","Intron (ENST00000373207.2/140766, intron 2 of 21)",26819
"MCC","Intron (ENST00000302475.9/4163, intron 15 of 16)",25095
"SLIT3","Intron (ENST00000519560.6/6586, intron 34 of 35)",26009
"ADCY5","Intron (ENST00000462833.6/111, intron 15 of 20)",6259
"ATOH8","Intron (ENST00000469442.5/84913, intron 2 of 2)",8974
"CENPF","Exon (ENST00000706765.1/1063, exon 18 of 19)",3739
"MCC","Intron (ENST00000302475.9/4163, intron 9 of 16)",-7739
"SHMT2","Promoter (1-2kb)",1564
"CLSPN","Promoter (<=1kb)",-893
"AHNAK","Promoter (<=1kb)",0
"MAGI2","Promoter (1-2kb)",-1268
"PHYHIP","Promoter (<=1kb)",840
"LDLRAD1","Exon (ENST00000371360.2/388633, exon 6 of 6)",8941
"CDH13","Distal Intergenic",-4842
"MIR99AHG","Intron (ENST00000635845.2/388815, intron 2 of 5)",8471
"SYNE1","Distal Intergenic",-5241
"PLLP","Distal Intergenic",-18062
"GLYATL2","Promoter (<=1kb)",-174
"IGF1","Promoter (1-2kb)",1162
"COL7A1","Promoter (2-3kb)",2096
"CCNE1","Intron (ENST00000666573.1/ENST00000666573.1, intron 1 of 1)",-31752
"NMNAT3","Promoter (1-2kb)",-1901
"B3GNT7","Promoter (2-3kb)",-2283
"FAT3","Promoter (<=1kb)",28
"MEX3A","3' UTR",6150
"TIMELESS","Intron (ENST00000553532.6/8914, intron 1 of 28)",11543
"TNS1","Intron (ENST00000646520.1/7145, intron 18 of 32)",12123
"ARHGAP6","Intron (ENST00000495242.5/395, intron 1 of 14)",64165
"GATM","Intron (ENST00000561148.5/2628, intron 3 of 4)",3128
"CCNA2","Promoter (<=1kb)",-121
"AKAP12","Intron (ENST00000402676.7/9590, intron 3 of 4)",-3544
"MCC","Intron (ENST00000302475.9/4163, intron 14 of 16)",20167
"ILDR2","Promoter (<=1kb)",0
"ETS2","Distal Intergenic",-9922
"CREB5","Promoter (<=1kb)",-50
"FOXN1","Exon (ENST00000577936.2/8456, exon 8 of 9)",10769
"CDH13","Intron (ENST00000268613.14/1012, intron 2 of 14)",14364
"MSRB3","Intron (ENST00000355192.8/253827, intron 1 of 5)",3445
"CREB5","Intron (ENST00000396299.6/9586, intron 4 of 9)",14886
"WLS","Exon (ENST00000422584.1/ENST00000422584.1, exon 1 of 1)",-7694
"NMNAT3","Promoter (<=1kb)",14
"CREB5","Promoter (<=1kb)",0
"LTBP4","Distal Intergenic",13452
"PTPRZ1","Intron (ENST00000719876.1/ENST00000719876.1, intron 1 of 5)",-120065
"RERG","Intron (ENST00000393736.3/105369673, intron 2 of 3)",-5701
"PKD1L2","Promoter (1-2kb)",1995
"SORBS1","Intron (ENST00000371227.8/10580, intron 13 of 31)",-5778
"SVEP1","Intron (ENST00000374469.6/79987, intron 36 of 47)",-46764
"TRPC6","Distal Intergenic",-7727
"CENPF","Intron (ENST00000706765.1/1063, intron 18 of 18)",5805
"LOC105377124","Intron (ENST00000770413.1/100507098, intron 8 of 8)",-33402
"FREM1","Intron (ENST00000380880.4/158326, intron 3 of 36)",46756
"EVA1C","3' UTR",5330
"TRIB3","Intron (ENST00000615226.5/57761, intron 1 of 5)",-8683
"DPH6","Intron (ENST00000256538.9/89978, intron 5 of 8)",17270
"AKAP6","Intron (ENST00000280979.9/9472, intron 1 of 13)",36913
"KCNJ10","Intron (ENST00000639408.2/124904436, intron 1 of 3)",6252
"TNS1","Intron (ENST00000646520.1/7145, intron 18 of 32)",6622
"CENPA","Promoter (<=1kb)",0
"GLI3","Promoter (2-3kb)",2808
"STIL","Distal Intergenic",-3681
"CEACAM6","Promoter (1-2kb)",-1228
"ISG15","Promoter (<=1kb)",-125
"HMCN2","3' UTR",10026
"TSHZ2","Intron (ENST00000371497.10/128553, intron 1 of 2)",9720
"HPSE2","Intron (ENST00000404542.5/60495, intron 3 of 8)",66869
"NBEA","Intron (ENST00000686320.1/26960, intron 12 of 20)",13334
"LOC124900729","Intron (ENST00000282470.11/8404, intron 1 of 10)",-14502
"ACAN","Intron (ENST00000560601.4/176, intron 1 of 18)",10733
"DKK3","Distal Intergenic",-6577
"DHRS12","3' UTR",5151
"GLI3","Intron (ENST00000839902.1/ENST00000839902.1, intron 5 of 5)",85242
"KCNG1","Distal Intergenic",-22994
"PNPLA5","Distal Intergenic",-4293
"DPYSL5","Distal Intergenic",-8915
"LMNB2","Promoter (<=1kb)",-29
"ALDH1A2","Distal Intergenic",32903
"ACSBG1","5' UTR",-11697
"PGR","Promoter (2-3kb)",2095
"H3C10","Promoter (<=1kb)",189
"RAI2","Intron (ENST00000844922.1/105373144, intron 2 of 3)",-69590
"RERG","Promoter (<=1kb)",0
"GALNT13","Distal Intergenic",-148242
"SLC16A9","Promoter (<=1kb)",0
"DHRS12","Promoter (<=1kb)",0
"KIF14","Intron (ENST00000614960.4/9928, intron 26 of 28)",62398
"CREB5","Distal Intergenic",-53620
"PLCD1","Promoter (<=1kb)",0
"LINC01833","Distal Intergenic",29444
"TFPI","Distal Intergenic",-29096
"AOX1","Exon (ENST00000374700.7/316, exon 35 of 35)",7507
"KIF1A","3' UTR",-4808
"LIMS2","Promoter (<=1kb)",-20
"KCNQ5","Promoter (1-2kb)",-1499
"CDH13","Distal Intergenic",-22851
"PRDM16","Intron (ENST00000511072.5/63976, intron 8 of 15)",13712
"EGFLAM","Promoter (1-2kb)",-1809
"POC1A","Promoter (<=1kb)",608
"SYNE1","Intron (ENST00000423061.6/23345, intron 66 of 145)",16156
"IFFO2","Intron (ENST00000455833.7/126917, intron 1 of 8)",-9600
"ABCA9","Promoter (2-3kb)",2935
"CORO6","Promoter (1-2kb)",-1122
"SBDS","Promoter (<=1kb)",0
"MAP3K21","Distal Intergenic",101675
"BRME1","Promoter (<=1kb)",-158
"CCNE1","Distal Intergenic",38778
"PM20D1","Intron (ENST00000656763.1/284581, intron 1 of 2)",5725
"SERPINB2","Distal Intergenic",-27131
"MYOF","Intron (ENST00000737465.1/ENST00000737465.1, intron 1 of 3)",99369
"EBF1","Distal Intergenic",30523
"TRPC1","Promoter (<=1kb)",334
"ADAMTS9-AS2","Promoter (<=1kb)",210
"CHIT1","Promoter (<=1kb)",405
"ASRGL1","Distal Intergenic",-4268
"PCDH20","3' UTR",4844
"ADAMTSL2","Intron (ENST00000354484.8/9719, intron 9 of 18)",18314
"SLIT2","Intron (ENST00000504154.6/9353, intron 4 of 36)",44688
"FOXN1","Intron (ENST00000577936.2/8456, intron 1 of 8)",5870
"MEIS2","Distal Intergenic",-103487
"GRIK3","Promoter (<=1kb)",-873
"SVEP1","Intron (ENST00000374469.6/79987, intron 22 of 47)",-72889
"C5AR1","Distal Intergenic",-7187
"CCBE1","Intron (ENST00000439986.9/147372, intron 2 of 10)",19749
"KRTDAP","Exon (ENST00000810156.1/ENST00000810156.1, exon 3 of 3)",10813
"RFX2","Intron (ENST00000303657.10/5990, intron 1 of 17)",17752
"INHBA","Intron (ENST00000415848.6/285954, intron 2 of 3)",-26427
"SERPINB2","Promoter (<=1kb)",422
"ENTPD1","Intron (ENST00000453258.6/953, intron 1 of 9)",16843
"IFFO2","Distal Intergenic",-15903
"COL14A1","Intron (ENST00000498051.6/7373, intron 1 of 22)",4009
"PLA2R1","Distal Intergenic",-23151
"GABBR2","Intron (ENST00000259455.4/9568, intron 7 of 18)",-54732
"KIF2C","Promoter (<=1kb)",0
"ENTPD1","Intron (ENST00000453258.6/953, intron 1 of 9)",-13608
"MIR222HG","Intron (ENST00000780692.1/ENST00000780692.1, intron 2 of 2)",-10688
"MYLK","Intron (ENST00000360772.7/4638, intron 5 of 33)",12336
"MMRN1","Promoter (1-2kb)",-1351
"TEAD1","Promoter (2-3kb)",2212
"KIF1A","Intron (ENST00000649096.1/547, intron 1 of 46)",8457
"CREB5","Intron (ENST00000396299.6/9586, intron 1 of 9)",-18468
"TRHDE-AS1","Exon (ENST00000667465.1/283392, exon 2 of 4)",7284
"PACSIN1","Exon (ENST00000620693.4/29993, exon 6 of 10)",14811
"LDB2","Promoter (1-2kb)",1196
"ABCA6","Promoter (2-3kb)",2357
"FAT3","Intron (ENST00000525166.6/120114, intron 1 of 27)",-10958
"CXCL12","Exon (ENST00000791576.1/ENST00000791576.1, exon 1 of 2)",-70843
"SGK2","3' UTR",-8951
"CEP126","Promoter (<=1kb)",108
"COL14A1","Promoter (<=1kb)",-600
"SLC2A4","Promoter (<=1kb)",932
"RELN","Exon (ENST00000681182.1/5649, exon 2 of 2)",74569
"DPYSL5","Promoter (2-3kb)",2170
"TACC1","Promoter (<=1kb)",-249
"RAC3","Promoter (<=1kb)",0
"SUN1","Intron (ENST00000427969.5/23353, intron 1 of 3)",4963
"TRIP13","Distal Intergenic",17609
"SPRING1","Distal Intergenic",10902
"ARHGAP6","Intron (ENST00000495242.5/395, intron 1 of 14)",-33934
"PLD1","Intron (ENST00000351298.9/5337, intron 11 of 26)",4525
"GFRA1","Intron (ENST00000369236.5/2674, intron 4 of 8)",134768
"CES4A","Distal Intergenic",7582
"KCNQ5","Distal Intergenic",-66614
"ONECUT2","Intron (ENST00000491143.3/9480, intron 1 of 1)",3050
"PLD1","Promoter (2-3kb)",2215
"NMNAT3","Intron (ENST00000658348.1/100507291, intron 5 of 6)",-21247
"MAST4","Intron (ENST00000406374.5/375449, intron 3 of 5)",8208
"TMEM158","Promoter (1-2kb)",-1797
"ALDH3A2","Promoter (<=1kb)",153
"TPM1","Intron (ENST00000804117.1/ENST00000804117.1, intron 1 of 4)",-16841
"CACNA1B","Intron (ENST00000371372.6/774, intron 26 of 46)",-21086
"TRIB3","Promoter (<=1kb)",0
"B4GALNT3","Intron (ENST00000266383.10/283358, intron 1 of 19)",39454
"TACC3","Distal Intergenic",8118
"PTPN5","Promoter (1-2kb)",1798
"DLC1","Intron (ENST00000276297.9/10395, intron 5 of 17)",29121
"FOSB","Promoter (2-3kb)",-2643
"CLDN11","Intron (ENST00000468232.1/ENST00000468232.1, intron 1 of 3)",-7464
"GABBR2","Intron (ENST00000259455.4/9568, intron 1 of 18)",-4921
"DHRS12","Intron (ENST00000642706.1/79758, intron 7 of 10)",-3966
"H3C7","Promoter (<=1kb)",202
"DENND2C","Intron (ENST00000393276.7/163259, intron 1 of 17)",21189
"B4GALNT3","Intron (ENST00000791531.1/ENST00000791531.1, intron 1 of 1)",-6760
"ZNF469","Distal Intergenic",41265
"SVIL","Exon (ENST00000729339.1/102724316, exon 3 of 3)",15954
"SGSM1","Intron (ENST00000610372.4/129049, intron 2 of 24)",-7927
"ZBTB16","Intron (ENST00000682278.1/7704, intron 5 of 7)",9675
"SEC14L6","Promoter (<=1kb)",251
"AHNAK","Intron (ENST00000530124.5/79026, intron 2 of 2)",8565
"AKAP12","Exon (ENST00000402676.7/9590, exon 4 of 5)",10781
"NTRK2","Intron (ENST00000692804.1/4915, intron 11 of 11)",75610
"VAV3","Promoter (1-2kb)",-1718
"DNMBP","Intron (ENST00000543621.6/23268, intron 3 of 13)",7233
"LOC124901094","Intron (ENST00000732555.1/ENST00000732555.1, intron 1 of 1)",12040
"GALNT13","Intron (ENST00000392825.8/114805, intron 10 of 12)",-6578
"KIF1A","Promoter (<=1kb)",0
"HMCN2","Intron (ENST00000683500.2/256158, intron 37 of 97)",-24298
"TNS1","Intron (ENST00000646520.1/7145, intron 4 of 32)",-12810
"ARHGAP6","Intron (ENST00000495242.5/395, intron 1 of 14)",-113261
"ASRGL1","Promoter (1-2kb)",-1989
"PGAP4","Promoter (<=1kb)",0
"TRIB3","Intron (ENST00000608467.5/80023, intron 4 of 4)",-6300
"IL11RA","Promoter (<=1kb)",0
"PLCD1","Promoter (<=1kb)",-800
"KIF26B","Promoter (2-3kb)",2055
"PLAU","Promoter (<=1kb)",0
"PLA2R1","Intron (ENST00000283243.13/22925, intron 11 of 29)",-54005
"FANCA","Promoter (<=1kb)",0
"GABBR2","Intron (ENST00000259455.4/9568, intron 3 of 18)",13682
"SYNDIG1","Distal Intergenic",120689
"DPT","Intron (ENST00000823297.1/ENST00000823297.1, intron 1 of 1)",41143
"ABLIM1","Intron (ENST00000651092.1/3983, intron 1 of 15)",-18720
"COL22A1","Exon (ENST00000519306.1/ENST00000519306.1, exon 3 of 3)",-182337
"DKK2","Intron (ENST00000513208.5/27123, intron 2 of 4)",-14291
"JAKMIP1","Intron (ENST00000531445.3/389197, intron 16 of 33)",16583
"MYLK","Intron (ENST00000360772.7/4638, intron 1 of 33)",7150
"FLNC","Promoter (<=1kb)",414
"SMPD5","Intron (ENST00000377470.8/375686, intron 4 of 4)",-3889
"PER2","Promoter (<=1kb)",683
"PTPN13","Intron (ENST00000427191.6/5783, intron 39 of 46)",28170
"ABCD1","3' UTR",9151
"POC1A","Intron (ENST00000296484.7/25886, intron 7 of 10)",25981
"RYR3","Intron (ENST00000415757.7/6263, intron 47 of 102)",5570
"KIF26B-AS1","Intron (ENST00000407071.7/55083, intron 2 of 14)",-42843
"HPSE2","Promoter (1-2kb)",-1660
"SH3PXD2A","Intron (ENST00000369774.9/9644, intron 5 of 14)",-18036
"MAPKBP1","Intron (ENST00000512970.5/23005, intron 3 of 29)",-3810
"LOC102724210","Promoter (<=1kb)",0
"CSMD2","Exon (ENST00000373381.9/114784, exon 18 of 71)",-14877
"IL16","Intron (ENST00000560989.1/ENST00000560989.1, intron 1 of 1)",-7317
"FER","Intron (ENST00000281092.9/2241, intron 17 of 19)",-35407
"DGAT2","3' UTR",5909
"DENND2C","Promoter (1-2kb)",-1032
"STARD13","Intron (ENST00000730891.1/90627, intron 2 of 4)",33635
"TPX2","Promoter (<=1kb)",65
"JPH2","Distal Intergenic",-8489
"LINC01348","Distal Intergenic",-20458
"LOC102724210","Distal Intergenic",119869
"TBX5","Exon (ENST00000405440.7/6910, exon 9 of 9)",47815
"KIF26B-AS1","Intron (ENST00000407071.7/55083, intron 2 of 14)",5096
"GNB4","Distal Intergenic",-24819
"IL33","Distal Intergenic",-20538
"TSHZ2","Distal Intergenic",-34200
"PLA2G2D","Distal Intergenic",10015
"CHST11","Intron (ENST00000303694.6/50515, intron 1 of 2)",20754
"GABBR2","Intron (ENST00000259455.4/9568, intron 1 of 18)",-35343
"RELN","Promoter (<=1kb)",-399
"LCN10","Promoter (<=1kb)",0
"MAST4","Intron (ENST00000406374.5/375449, intron 3 of 5)",19013
"PAPPA","Intron (ENST00000328252.4/5069, intron 1 of 21)",13006
"INHBA","Exon (ENST00000662280.1/285954, exon 2 of 2)",-5969
"RELN","Intron (ENST00000343529.9/5649, intron 19 of 63)",3262
"MLXIPL","3' UTR",3788
"PPP1R12B","Promoter (1-2kb)",-1346
"SMPD5","Promoter (2-3kb)",-2620
"CDH13","Intron (ENST00000268613.14/1012, intron 1 of 14)",4954
"DNAH11","Intron (ENST00000409508.8/8701, intron 44 of 81)",-12974
"ADA2","Promoter (<=1kb)",0
"CAV1","Intron (ENST00000614113.5/857, intron 3 of 3)",10265
"QPRT","Promoter (<=1kb)",990
"FHL1","Promoter (<=1kb)",272
"GINS4","Promoter (<=1kb)",-210
"LDB3","Intron (ENST00000685347.1/11155, intron 16 of 16)",6225
"PARP1","Distal Intergenic",-29924
"EGFR","Intron (ENST00000344576.7/1956, intron 3 of 15)",-19105
"EPHA2-AS1","Intron (ENST00000358432.8/1969, intron 1 of 16)",-3576
"ADCY5","Intron (ENST00000492595.6/26984, intron 6 of 6)",18948
"PALM","Distal Intergenic",-4471
"ZBTB16","Promoter (<=1kb)",0
"COL28A1","Promoter (1-2kb)",-1276
"OVOL1","Distal Intergenic",16432
"DAAM2","Promoter (<=1kb)",-688
"PDE2A","Promoter (1-2kb)",1301
"PLD1","Distal Intergenic",73272
"SERPINB2","Distal Intergenic",-23231
"SEMA5A","Intron (ENST00000382496.10/9037, intron 3 of 22)",40531
"LMOD1","Promoter (1-2kb)",-1141
"C14orf132","Distal Intergenic",-59312
"IKZF3","Intron (ENST00000377958.7/22806, intron 3 of 6)",-42433
"RAPGEFL1","Promoter (<=1kb)",-750
"PLD1","Distal Intergenic",79575
"CDHR1","Promoter (<=1kb)",968
"GALNT16","Distal Intergenic",11098
"PER1","Promoter (2-3kb)",2962
"KCNQ5","Intron (ENST00000342056.6/56479, intron 1 of 14)",17838
"PPL","Promoter (<=1kb)",438
"DNAH11","Intron (ENST00000409508.8/8701, intron 2 of 81)",7742
"QPRT","Intron (ENST00000449759.2/23475, intron 1 of 4)",-4420
"CLMP","Intron (ENST00000448775.4/79827, intron 1 of 6)",31291
"CHST11","Intron (ENST00000303694.6/50515, intron 1 of 2)",-11650
"PACSIN1","Intron (ENST00000620693.4/29993, intron 1 of 9)",-10652
"AKAP6","Intron (ENST00000280979.9/9472, intron 2 of 13)",18569
"NYNRIN","Exon (ENST00000382554.4/57523, exon 9 of 9)",3683
"CENPF","Promoter (<=1kb)",-13
"SCML1","Promoter (1-2kb)",1112
"TSHZ2","Intron (ENST00000719647.1/ENST00000719647.1, intron 1 of 1)",-13014
"TNS1","Exon (ENST00000492338.2/7145, exon 4 of 4)",4353
"RELN","Intron (ENST00000343529.9/5649, intron 11 of 63)",-29066
"IGSF9B","Exon (ENST00000763462.1/ENST00000763462.1, exon 1 of 2)",-10368
"APOB","Intron (ENST00000233242.5/338, intron 14 of 28)",16176
"CCNB2","Promoter (<=1kb)",678
"KCNG1","Distal Intergenic",-19635
"MAST4","Intron (ENST00000406374.5/375449, intron 1 of 5)",4139
"VSTM2L","Promoter (<=1kb)",327
"RASL11A","Distal Intergenic",12613
"AOX1","Intron (ENST00000357799.9/151246, intron 8 of 8)",-6896
"RNFT2","Promoter (<=1kb)",0
"IL22RA1","3' UTR",-12321
"ITGA8","Intron (ENST00000378076.4/8516, intron 8 of 29)",-16954
"MKI67","Intron (ENST00000368653.7/4288, intron 5 of 13)",-4850
"LOC102724210","Intron (ENST00000716554.1/102724210, intron 3 of 4)",-9959
"AP1S3","Intron (ENST00000699384.1/130340, intron 5 of 10)",9027
"ABCA8","Intron (ENST00000586539.6/10351, intron 18 of 39)",-3312
"FER","Intron (ENST00000281092.9/2241, intron 17 of 19)",-61204
"ADCY5","Intron (ENST00000462833.6/111, intron 3 of 20)",-13437
"ALDH1A2","Intron (ENST00000558231.5/8854, intron 1 of 12)",36987
"INHBA","Promoter (<=1kb)",0
"PIK3R1","Intron (ENST00000517412.2/5295, intron 2 of 2)",-18481
"LOC107987100","Promoter (<=1kb)",802
"IGF2BP1","Promoter (1-2kb)",1379
"SH3PXD2A","Intron (ENST00000369774.9/9644, intron 5 of 14)",-12507
"CCNE1","Distal Intergenic",13367
"PIK3R1","Intron (ENST00000517412.2/5295, intron 2 of 2)",6979
"CCBE1","Intron (ENST00000439986.9/147372, intron 2 of 10)",34421
"RYR3","Exon (ENST00000415757.7/6263, exon 41 of 103)",-24158
"DNMBP","Intron (ENST00000324109.9/23268, intron 1 of 16)",36450
"HMCN2","Intron (ENST00000683500.2/256158, intron 44 of 97)",-15305
"DUOX1","Promoter (2-3kb)",-2082
"ADAMTSL2","Exon (ENST00000354484.8/9719, exon 6 of 19)",5845
"SLIT3","Exon (ENST00000519560.6/6586, exon 34 of 36)",24745
"NXPH3","Distal Intergenic",9608
"LOC105378626","Intron (ENST00000639839.1/149086, intron 4 of 4)",4971
"PDLIM3","Distal Intergenic",-4597
"GAN","Intron (ENST00000648349.3/8139, intron 1 of 9)",-14885
"THEM5","Promoter (<=1kb)",0
"TCAM1P","Intron (ENST00000796227.1/ENST00000796227.1, intron 1 of 1)",5981
"GRIK3","Intron (ENST00000373091.8/2899, intron 1 of 15)",4893
"MASP1","Intron (ENST00000337774.10/5648, intron 5 of 15)",-3141
"PCSK2","Intron (ENST00000377899.5/5126, intron 9 of 12)",-20523
"PARVA","Intron (ENST00000530755.5/55742, intron 1 of 3)",11701
"CBX7","Intron (ENST00000745893.1/ENST00000745893.1, intron 1 of 3)",-33162
"COL22A1","Intron (ENST00000303045.11/169044, intron 3 of 64)",-33310
"SRSF5","Exon (ENST00000342745.5/9766, exon 5 of 6)",-17758
"LOC105377124","Distal Intergenic",-52907
"MEIS2","Distal Intergenic",-34011
"STARD13","Distal Intergenic",43475
"THSD4","Intron (ENST00000355327.7/79875, intron 7 of 17)",-61805
"LTBP4","Promoter (2-3kb)",2002
"DKK3","Intron (ENST00000396505.7/27122, intron 4 of 7)",6693
"FGFRL1","Promoter (<=1kb)",-131
"CHST11","Promoter (<=1kb)",-108
"TMEM164","Distal Intergenic",-87200
"NCAPH","Distal Intergenic",49919
"MYLK","Promoter (<=1kb)",528
"INMT","Promoter (2-3kb)",-2332
"MIR222HG","Intron (ENST00000780193.1/104457406, intron 2 of 3)",-30380
"CYP4F12","Distal Intergenic",-9467
"LOC102724210","Intron (ENST00000513519.3/102724210, intron 1 of 4)",-47220
"CSMD2","Intron (ENST00000373381.9/114784, intron 27 of 70)",-27760
"DGKG","Intron (ENST00000265022.8/1608, intron 20 of 24)",21402
"GLDN","Intron (ENST00000335449.11/342035, intron 4 of 9)",13760
"POC1A","Intron (ENST00000296484.7/25886, intron 9 of 10)",45396
"DNAH11","Distal Intergenic",-16721
"GNB4","Intron (ENST00000232564.8/59345, intron 1 of 9)",4394
"SRRM3","Intron (ENST00000611745.2/222183, intron 3 of 14)",-7073
"CACNB2","Intron (ENST00000324631.13/783, intron 2 of 13)",-26646
"SMG5","Intron (ENST00000361813.5/23381, intron 15 of 21)",-6128
"ALDH1A2","Intron (ENST00000558231.5/8854, intron 1 of 12)",61473
"LAPTM5","Distal Intergenic",-4172
"CYRIB","Promoter (1-2kb)",1316
"STARD13","Exon (ENST00000336934.10/90627, exon 12 of 14)",3082
"ARHGAP6","Intron (ENST00000495242.5/395, intron 1 of 14)",-76587
"ZNF469","Distal Intergenic",-12487
"CCNA2","Promoter (<=1kb)",795
"TACR2","Promoter (<=1kb)",239
"MYBL2","Distal Intergenic",-8726
"CADM3-AS1","Exon (ENST00000415675.3/100131825, exon 4 of 4)",4210
"WDFY2","Promoter (<=1kb)",0
"PTH1R","Exon (ENST00000449590.6/5745, exon 6 of 16)",-4612
"SORBS1","Promoter (2-3kb)",2131
"SYNE1","Intron (ENST00000423061.6/23345, intron 12 of 145)",-13077
"JPH2","3' UTR",-9186
"IQCN","Distal Intergenic",-3003
"ACVRL1","Promoter (<=1kb)",792
"IFFO2","Intron (ENST00000455833.7/126917, intron 1 of 8)",5337
"CARHSP1","Promoter (2-3kb)",-2032
"PPP1R12B","Intron (ENST00000608999.6/4660, intron 19 of 23)",3589
"LDB2","Intron (ENST00000515064.5/9079, intron 1 of 7)",-5334
"MAOA","Distal Intergenic",-186751
"GRIK3","Promoter (1-2kb)",-1563
"PKHD1L1","Intron (ENST00000378402.10/93035, intron 18 of 77)",46403
"RNFT2","Intron (ENST00000392549.7/84900, intron 6 of 11)",13566
"DLG5","Intron (ENST00000475613.6/9231, intron 1 of 21)",-6926
"ANK2","Promoter (1-2kb)",-1415
"CHEK2","Promoter (<=1kb)",0
"MSRB3","Intron (ENST00000355192.8/253827, intron 1 of 5)",-4011
"BAMBI","Promoter (2-3kb)",2620
"SYNPO2","3' UTR",12501
"SHC3","Intron (ENST00000375835.9/53358, intron 7 of 11)",-6522
"CCNE1","Distal Intergenic",50455
"CSMD2","Intron (ENST00000373381.9/114784, intron 15 of 70)",-26173
"LONRF2","Promoter (<=1kb)",916
"PHYHIP","Promoter (2-3kb)",-2054
"PDGFRA","Intron (ENST00000507166.5/5156, intron 12 of 23)",-36176
"TSHZ2","Intron (ENST00000371497.10/128553, intron 1 of 2)",16415
"ABLIM1","Intron (ENST00000392955.8/3983, intron 12 of 22)",8958
"ABCA8","Intron (ENST00000586539.6/10351, intron 17 of 39)",7964
"FER","Promoter (<=1kb)",0
"IGFN1","Distal Intergenic",16700
"JAM2","Promoter (1-2kb)",-1391
"CAB39L","Promoter (1-2kb)",-1056
"DUSP9","Distal Intergenic",4638
"IL33","Distal Intergenic",-18146
"SBK1","Intron (ENST00000671413.3/388228, intron 1 of 3)",18408
"IL2RB","3' UTR",9210
"E2F1","Promoter (<=1kb)",-149
"BARX2","Promoter (<=1kb)",123
"SYBU","Promoter (<=1kb)",0
"PKHD1L1","Intron (ENST00000378402.10/93035, intron 12 of 77)",37338
"PROS1","Distal Intergenic",18677
"TSHZ2","Intron (ENST00000371497.10/128553, intron 1 of 2)",-25431
"PPP1R15A","Promoter (<=1kb)",431
"ERBB4","Intron (ENST00000342788.9/2066, intron 5 of 27)",-80030
"CAB39L","Promoter (<=1kb)",0
"RFX2","Intron (ENST00000303657.10/5990, intron 1 of 17)",9639
"VAV3","Promoter (<=1kb)",645
"SMG5","Promoter (<=1kb)",0
"MAST4","Intron (ENST00000406374.5/375449, intron 3 of 5)",35722
"VGLL1","Distal Intergenic",-12812
"THSD4","Intron (ENST00000355327.7/79875, intron 7 of 17)",-77537
"GALNT16","Intron (ENST00000554317.5/57452, intron 2 of 2)",-10268
"ELOVL3","Exon (ENST00000370002.8/5309, exon 4 of 4)",4647
"ABLIM1","Intron (ENST00000392955.8/3983, intron 4 of 22)",-23810
"DEFB1","Exon (ENST00000514593.2/ENST00000514593.2, exon 1 of 1)",-21207
"SH3BGRL2","Exon (ENST00000718097.1/83699, exon 3 of 3)",-44447
"EVA1C","Promoter (2-3kb)",-2373
"SIX2","Exon (ENST00000736057.1/ENST00000736057.1, exon 1 of 3)",-4676
"ALS2CL","Distal Intergenic",10611
"JAKMIP1","Promoter (2-3kb)",2129
"FER","Intron (ENST00000281092.9/2241, intron 10 of 19)",-4369
"LOC124900989","Intron (ENST00000824927.1/ENST00000824927.1, intron 2 of 2)",-9370
"HYAL1","Promoter (<=1kb)",287
"CLSPN","Promoter (<=1kb)",363
"PGAP6","Promoter (<=1kb)",113
"FGFRL1","Promoter (2-3kb)",2822
"SSPN","Intron (ENST00000538142.5/8082, intron 1 of 2)",-7560
"COL28A1","Distal Intergenic",29119
"TRPC6","Intron (ENST00000526713.1/7225, intron 1 of 1)",11498
"SUN1","Promoter (1-2kb)",1470
"MIR99AHG","Promoter (<=1kb)",0
"COL28A1","Distal Intergenic",7249
"PTPN21","Intron (ENST00000556406.5/55812, intron 4 of 4)",6012
"H3C2","Promoter (<=1kb)",0
"GRIK3","Intron (ENST00000373091.8/2899, intron 2 of 15)",-26450
"CHP2","Distal Intergenic",-11935
"CREB5","Promoter (<=1kb)",-115
"RYR3","Intron (ENST00000415757.7/6263, intron 18 of 102)",-19527
"HMCN2","Exon (ENST00000683500.2/256158, exon 18 of 98)",13158
"RBMS3","Intron (ENST00000770376.1/ENST00000770376.1, intron 2 of 2)",54249
"HSPB7","Promoter (<=1kb)",15
"ARHGAP6","Intron (ENST00000495242.5/395, intron 1 of 14)",-115568
"LOC105369315","Promoter (<=1kb)",616
"ACAN","Promoter (1-2kb)",-1751
"COL21A1","Intron (ENST00000370819.5/81578, intron 1 of 28)",-45081
"KRT77","Exon (ENST00000549467.2/ENST00000549467.2, exon 6 of 6)",-11954
"MYOCD","Promoter (1-2kb)",1226
"FAM222A","Promoter (<=1kb)",-16
"NTRK2","Intron (ENST00000689651.1/4915, intron 4 of 13)",-8082
"CSMD2","Intron (ENST00000373381.9/114784, intron 1 of 70)",51005
"PKHD1L1","Intron (ENST00000378402.10/93035, intron 2 of 77)",3824
"LDLRAD1","Distal Intergenic",25794
"TOP2A","Promoter (<=1kb)",287
"FAM78A","Distal Intergenic",11850
"GRIK3","Distal Intergenic",-3799
"GSTM5","3' UTR",-7271
"ABLIM1","Exon (ENST00000392955.8/3983, exon 22 of 23)",3039
"SYNE3","Exon (ENST00000663212.1/ENST00000663212.1, exon 1 of 1)",-7606
"EBF1","Intron (ENST00000519890.5/1879, intron 6 of 11)",-62563
"FAM222A","Intron (ENST00000538780.2/84915, intron 1 of 2)",4665
"TNS1","3' UTR",8771
"LONRF2","Exon (ENST00000777559.1/ENST00000777559.1, exon 1 of 2)",17154
"SYBU","Intron (ENST00000532779.5/55638, intron 1 of 5)",13740
"ACADVL","Promoter (<=1kb)",-101
"GABBR2","Intron (ENST00000259455.4/9568, intron 7 of 18)",-21406
"ASRGL1","Intron (ENST00000415229.6/80150, intron 4 of 6)",-12712
"COL22A1","Distal Intergenic",-334075
"TACC1","Promoter (<=1kb)",23
"ABCD1","Promoter (<=1kb)",6
"IRF7","Promoter (1-2kb)",1189
"GABBR2","Intron (ENST00000259455.4/9568, intron 7 of 18)",-30400
"MAST4","Intron (ENST00000406374.5/375449, intron 2 of 5)",10542
"ADCY5","Promoter (<=1kb)",338
"LTBP4","Promoter (1-2kb)",1282
"MCC","Promoter (<=1kb)",-794
"S100P","Promoter (2-3kb)",2146
"SPART","Distal Intergenic",-25184
"SH3PXD2A","Promoter (2-3kb)",-2960
"KRT5","Intron (ENST00000794060.1/ENST00000794060.1, intron 3 of 3)",-14159
"PTH1R","Intron (ENST00000718454.1/151903, intron 2 of 6)",30099
"SLC35C1","Promoter (<=1kb)",-9
"TWIST2","Intron (ENST00000448943.2/117581, intron 1 of 1)",27036
"MAOB","Intron (ENST00000378069.5/4129, intron 3 of 14)",68049
"SMG5","Promoter (1-2kb)",1209
"MEIS1","Promoter (<=1kb)",145
"TENM2","Intron (ENST00000518659.6/57451, intron 1 of 30)",70078
"GABBR2","Intron (ENST00000259455.4/9568, intron 2 of 18)",7119
"ZBTB16","3' UTR",5244
"PAPPA","Intron (ENST00000328252.4/5069, intron 1 of 21)",9785
"RPP25","Promoter (<=1kb)",323
"KCNQ5","Distal Intergenic",-60488
"MYOF","Intron (ENST00000737465.1/ENST00000737465.1, intron 1 of 3)",102448
"LAPTM5","Distal Intergenic",-11472
"GNB4","3' UTR",15546
"VGF","Promoter (1-2kb)",-1624
"LMNB1","Intron (ENST00000460265.5/4001, intron 1 of 11)",-9463
"PALM","Intron (ENST00000338448.10/5064, intron 8 of 8)",6566
"ZNF469","Distal Intergenic",-44462
"LINC01940","Distal Intergenic",-19529
"FCGR3A","Intron (ENST00000537821.2/2212, intron 3 of 4)",9190
"COL11A1","Intron (ENST00000358392.6/1301, intron 36 of 66)",-7891
"PAX5","Intron (ENST00000358127.9/5079, intron 5 of 9)",-13674
"PRKG1","Intron (ENST00000401604.8/5592, intron 2 of 17)",-44806
"DOK3","Promoter (1-2kb)",1334
"HMCN2","Intron (ENST00000683500.2/256158, intron 15 of 97)",7456
"PER1","Promoter (<=1kb)",-255
"CYP4F12","Distal Intergenic",21097
"COL14A1","Promoter (<=1kb)",340
"DHRS12","3' UTR",6658
"TACC1","Promoter (<=1kb)",-353
"ZBTB16","Intron (ENST00000682278.1/7704, intron 5 of 7)",12969
"COL17A1","Promoter (<=1kb)",-144
"AKAP6","Intron (ENST00000280979.9/9472, intron 1 of 13)",-50131
"FAM107A","Promoter (1-2kb)",1469
"SH3BGRL2","Intron (ENST00000718098.1/83699, intron 3 of 4)",63373
"CACNA1G","Intron (ENST00000359106.10/8913, intron 21 of 37)",3679
"ISG15","Promoter (1-2kb)",1945
"NUP210","Intron (ENST00000254508.7/23225, intron 1 of 39)",3500
"GAS7","Promoter (<=1kb)",0
"USB1","3' UTR",3846
"MOB3B","3' UTR",-6040
"TIPARP","Promoter (<=1kb)",0
"TSHZ2","Promoter (1-2kb)",1457
"AOX1","Intron (ENST00000357799.9/151246, intron 8 of 8)",-9742
"SLC16A9","Intron (ENST00000395348.8/220963, intron 1 of 5)",8483
"MEG3","Distal Intergenic",-8735
"PCDH17","Distal Intergenic",-4910
"DHRS12","Promoter (1-2kb)",1968
"ANK2","Distal Intergenic",-51295
"CSMD2","Intron (ENST00000373381.9/114784, intron 1 of 70)",8186
"TRIB3","Promoter (<=1kb)",-19
"RFX5","Promoter (<=1kb)",218
"LOC105375587","Distal Intergenic",-5471
"NXNL2","Distal Intergenic",55482
"MYL9","Exon (ENST00000279022.7/10398, exon 3 of 4)",6576
"JAKMIP1","Intron (ENST00000531445.3/389197, intron 8 of 33)",-6270
"ADGRD1","Intron (ENST00000261654.10/283383, intron 18 of 24)",-4067
"TEAD1","Intron (ENST00000527636.7/7003, intron 3 of 12)",-13088
"LORICRIN","Distal Intergenic",-20839
"PRDM16","Intron (ENST00000511072.5/63976, intron 15 of 15)",6098
"ALDH1A2","Intron (ENST00000558239.5/8854, intron 2 of 3)",-29491
"CWH43","Distal Intergenic",-38189
"MCM10","Intron (ENST00000378714.8/55388, intron 18 of 19)",7872
"CLMP","Intron (ENST00000448775.4/79827, intron 1 of 6)",28957
"CACNB2","Intron (ENST00000324631.13/783, intron 2 of 13)",-43897
"DPYSL5","Distal Intergenic",-6476
"TOP2A","Distal Intergenic",-5500
"KIF26B","Intron (ENST00000407071.7/55083, intron 4 of 14)",-7113
"AHNAK2","Promoter (2-3kb)",2373
"ADA2","Promoter (1-2kb)",-1535
"SLC39A2","Intron (ENST00000647921.1/101929718, intron 1 of 4)",6603
"PTH1R","Distal Intergenic",5603
"TENM2","Intron (ENST00000518659.6/57451, intron 9 of 30)",-85645
"AOX1","Intron (ENST00000374700.7/316, intron 16 of 34)",9354
"SLC4A3","3' UTR",4842
"TFPI","Distal Intergenic",-93229
"DGKG","Promoter (<=1kb)",19
"KIF26B","Intron (ENST00000407071.7/55083, intron 2 of 14)",-30671
"PARVA","Intron (ENST00000334956.15/55742, intron 4 of 12)",11663
"MYLK","Intron (ENST00000360772.7/4638, intron 14 of 33)",16348
"CACNA1B","Intron (ENST00000371372.6/774, intron 18 of 46)",-53250
"SPARCL1","Distal Intergenic",-12824
"ARMCX4","Intron (ENST00000433011.6/100131755, intron 4 of 15)",-22066
"PARP1","Intron (ENST00000366794.10/142, intron 1 of 22)",4258
"ATP10B","Promoter (<=1kb)",-405
"MELK","Promoter (2-3kb)",2976
"DLGAP5","Intron (ENST00000395425.6/9787, intron 13 of 19)",-8432
"DCT","Distal Intergenic",51158
"KIF26B","Intron (ENST00000407071.7/55083, intron 4 of 14)",-17633
"LOC105378781","Intron (ENST00000835198.1/105378781, intron 2 of 3)",7061
"DSC1","Intron (ENST00000715887.1/101927698, intron 3 of 4)",-7546
"FILIP1","Intron (ENST00000625815.2/ENST00000625815.2, intron 2 of 4)",-5130
"CDR2L","Promoter (<=1kb)",544
"MCAM","3' UTR",3477
"TACC2","Exon (ENST00000492689.5/10579, exon 3 of 3)",29704
"DNAH11","Intron (ENST00000409508.8/8701, intron 6 of 81)",7764
"SLIT2","Intron (ENST00000815627.1/105374514, intron 2 of 3)",-3510
"LOC107986925","Intron (ENST00000523627.1/124901908, intron 4 of 4)",38100
"CITED2","Promoter (<=1kb)",-822
"GABBR2","Intron (ENST00000259455.4/9568, intron 7 of 18)",-53344
"TEAD1","Intron (ENST00000527636.7/7003, intron 2 of 12)",-66741
"CREB5","Distal Intergenic",-26636
"NBEA","Promoter (2-3kb)",-2417
"ABLIM1","Intron (ENST00000392955.8/3983, intron 4 of 22)",-21867
"CSTA","Distal Intergenic",-19110
"PTH1R","Intron (ENST00000718454.1/151903, intron 2 of 6)",32982
"LMNB1","Distal Intergenic",26300
"KLF4","Distal Intergenic",7094
"PLCD1","Promoter (<=1kb)",277
"DNMBP","Promoter (<=1kb)",-16
"NUP210","Promoter (<=1kb)",232
"ALS2CL","Promoter (<=1kb)",116
"PLSCR4","Distal Intergenic",-76080
"CDH2","Distal Intergenic",-11540
"PLPP3","Promoter (<=1kb)",-98
"PLD1","Distal Intergenic",-3303
"CDC6","Promoter (<=1kb)",489
"TACC2","Promoter (<=1kb)",-119
"CDHR1","Promoter (<=1kb)",-292
"TEAD1","Intron (ENST00000527636.7/7003, intron 5 of 12)",-10460
"DKK2","Intron (ENST00000650850.1/105377356, intron 6 of 10)",136859
"SYNE1","Intron (ENST00000423061.6/23345, intron 2 of 145)",10387
"ADGRA2","Promoter (<=1kb)",423
"CAST","Promoter (<=1kb)",658
"IKZF3","Promoter (<=1kb)",0
"BRME1","Promoter (2-3kb)",2667
"ERBB4","Intron (ENST00000342788.9/2066, intron 20 of 27)",209806
"PLA2R1","3' UTR",4730
"ALDH1A2","Intron (ENST00000537372.5/8854, intron 8 of 13)",-4631
"PRKG1","Intron (ENST00000401604.8/5592, intron 5 of 17)",-86028
"XRCC2","Distal Intergenic",-35081
"CACNA1G","Intron (ENST00000359106.10/8913, intron 26 of 37)",13917
"KIF2C","Promoter (1-2kb)",1572
"SORBS1","Exon (ENST00000371227.8/10580, exon 28 of 32)",19021
"HMCN2","Intron (ENST00000683500.2/256158, intron 85 of 97)",-7741
"PLD1","Exon (ENST00000460926.1/5337, exon 2 of 2)",-17762
"CPAMD8","Promoter (1-2kb)",1631
"ALDH1A2","3' UTR",-46743
"IL1RL2","Promoter (1-2kb)",-1369
"DUSP9","Promoter (1-2kb)",1542
"ECT2","Promoter (1-2kb)",1550
"HHIPL2","Exon (ENST00000740068.1/ENST00000740068.1, exon 1 of 2)",-3777
"STARD9","Intron (ENST00000290607.12/57519, intron 3 of 32)",15997
"PRKG1","Intron (ENST00000401604.8/5592, intron 5 of 17)",-42109
"ITIH5","Promoter (<=1kb)",-553
"CCBE1","Promoter (<=1kb)",0
"SGK2","Promoter (2-3kb)",-2775
"PTPN6","Promoter (<=1kb)",-641
"EPHA2-AS1","Promoter (<=1kb)",-111
"CITED2","Promoter (<=1kb)",777
"IL16","Promoter (<=1kb)",43
"TACC1","Intron (ENST00000519416.5/6867, intron 1 of 12)",12766
"ABCA9","Distal Intergenic",-6817
"ADGRD1","3' UTR",15859
"DNAJC18","Promoter (<=1kb)",190
"CHST6","Intron (ENST00000530512.3/ENST00000530512.3, intron 1 of 1)",13513
"TSHZ2","Intron (ENST00000371497.10/128553, intron 1 of 2)",-22653
"LPCAT1","Promoter (1-2kb)",-1003
"DTL","Distal Intergenic",10094
"KCNJ10","Intron (ENST00000639408.2/124904436, intron 1 of 3)",9670
"GNB4","Intron (ENST00000232564.8/59345, intron 2 of 9)",4362
"PMEL","Promoter (<=1kb)",208
"ZBTB16","Intron (ENST00000682278.1/7704, intron 5 of 7)",18722
"GREB1","Promoter (<=1kb)",736
"DGAT2","Promoter (<=1kb)",-240
"AP1S3","Intron (ENST00000699384.1/130340, intron 10 of 10)",77841
"SRD5A3","Promoter (1-2kb)",-1633
"MOB3B","3' UTR",-18420
"LAMA2","Exon (ENST00000617695.5/3908, exon 14 of 64)",-89969
"ABR","Intron (ENST00000302538.10/29, intron 1 of 22)",6794
"E2F2","Promoter (<=1kb)",-98
"ABLIM1","Intron (ENST00000651092.1/3983, intron 1 of 15)",-9803
"GREB1","Promoter (1-2kb)",1357
"SEMA6A","Promoter (2-3kb)",-2853
"CIDEA","Intron (ENST00000522713.5/1149, intron 4 of 5)",17265
"SLC15A3","Promoter (1-2kb)",-1100
"DAAM2","Intron (ENST00000633794.1/23500, intron 8 of 25)",-14649
"ADH4","Intron (ENST00000757801.1/100507053, intron 2 of 5)",18116
"CSMD2","Intron (ENST00000373381.9/114784, intron 29 of 70)",-14583
"IGF2BP1","Intron (ENST00000290341.8/10642, intron 5 of 14)",9695
"PCDH17","Promoter (2-3kb)",-2160
"KPNA2","Exon (ENST00000846930.1/ENST00000846930.1, exon 1 of 2)",-15440
"IL16","Intron (ENST00000560989.1/ENST00000560989.1, intron 1 of 1)",-18103
"DNMBP","Promoter (<=1kb)",144
"GAS7","Intron (ENST00000432992.7/8522, intron 4 of 13)",-6187
"GRIK3","Intron (ENST00000373091.8/2899, intron 1 of 15)",30911
"RELN","Exon (ENST00000343529.9/5649, exon 5 of 64)",-117504
"LDB2","Promoter (1-2kb)",-1832
"PRDM16","Intron (ENST00000511072.5/63976, intron 10 of 15)",-7505
"GLI3","Promoter (1-2kb)",-1910
"PTGIS","Intron (ENST00000244043.5/5740, intron 3 of 9)",22216
"NUP210","Intron (ENST00000254508.7/23225, intron 3 of 39)",28630
"CYRIB","Promoter (<=1kb)",515
"KIF26B","Intron (ENST00000407071.7/55083, intron 2 of 14)",-8301
"NMNAT3","Intron (ENST00000662234.1/100507291, intron 5 of 7)",11049
"HPSE2","Intron (ENST00000370552.8/60495, intron 3 of 11)",-4307
"RAI2","Intron (ENST00000415486.7/10742, intron 1 of 2)",24666
"DUSP9","Intron (ENST00000746876.1/ENST00000746876.1, intron 1 of 3)",-5916
"ACAN","Exon (ENST00000560601.4/176, exon 3 of 19)",-33984
"FNDC1","Promoter (<=1kb)",-482
"DGKG","Intron (ENST00000265022.8/1608, intron 11 of 24)",6267
"MAGI2","Intron (ENST00000354212.9/9863, intron 1 of 21)",79494
"PIK3R1","Intron (ENST00000517412.2/5295, intron 2 of 2)",-7618
"FREM1","Intron (ENST00000380894.5/158326, intron 4 of 13)",4656
"S100P","Distal Intergenic",7579
"HMGB3","Distal Intergenic",18632
"TPM1","Promoter (<=1kb)",0
"CCBE1","Distal Intergenic",-85475
"NES","Distal Intergenic",-6903
"PLAC9","Promoter (1-2kb)",-1114
"ADAMTSL5","Promoter (<=1kb)",0
"FHL1","Promoter (<=1kb)",-489
"DTL","Distal Intergenic",37785
"MASP1","Intron (ENST00000636210.2/101929130, intron 1 of 1)",-3748
"IFFO2","Distal Intergenic",-55693
"NMNAT3","Intron (ENST00000658348.1/100507291, intron 5 of 6)",-46067
"MAOB","Intron (ENST00000378069.5/4129, intron 3 of 14)",45577
"NMNAT3","Intron (ENST00000658348.1/100507291, intron 5 of 6)",-40499
"GLI3","Intron (ENST00000678429.1/2737, intron 2 of 14)",-33802
"RUNX1T1","Promoter (1-2kb)",-1974
"NUP210","Distal Intergenic",18387
"LOC124901094","Intron (ENST00000732555.1/ENST00000732555.1, intron 1 of 1)",17472
"GABBR2","Intron (ENST00000259455.4/9568, intron 11 of 18)",4800
"CHPF","Promoter (1-2kb)",1063
"GAREM1","Promoter (2-3kb)",-2479
"GPD1","Promoter (2-3kb)",-2060
"HSPB7","Distal Intergenic",5015
"CD34","Intron (ENST00000742950.1/107985253, intron 2 of 2)",-12174
"PRKG1","Promoter (1-2kb)",-1876
"TNFRSF9","Promoter (<=1kb)",558
"TMEM164","Distal Intergenic",-112643
"DSC3","Intron (ENST00000360428.9/1825, intron 14 of 15)",7422
"PAPPA","Exon (ENST00000328252.4/5069, exon 5 of 22)",65966
"MLXIPL","Distal Intergenic",-4760
"SSPN","Promoter (2-3kb)",-2247
"ESR1","Distal Intergenic",-8414
"SYNE3","Intron (ENST00000557275.5/161176, intron 16 of 16)",28878
"SYNE3","Intron (ENST00000557275.5/161176, intron 5 of 16)",3437
"CCNE1","Distal Intergenic",-25493
"CYP4F24P","Promoter (<=1kb)",644
"TRPC6","Distal Intergenic",18728
"MYLK","Promoter (2-3kb)",2818
"OAS2","Promoter (2-3kb)",2559
"PAMR1","Intron (ENST00000622144.4/25891, intron 3 of 11)",37738
"LOC105378781","Intron (ENST00000835198.1/105378781, intron 2 of 3)",16571
"MAGI2","Intron (ENST00000354212.9/9863, intron 1 of 21)",53409
"UBXN10","Promoter (1-2kb)",-1216
"ANK2","Exon (ENST00000672955.1/287, exon 17 of 44)",-11544
"MSR1","3' UTR",43351
"SYNE1","Promoter (<=1kb)",0
"H2BC11","Distal Intergenic",17326
"THSD4","Intron (ENST00000355327.7/79875, intron 7 of 17)",28302
"WFDC5","Promoter (2-3kb)",2940
"ZNF541","Promoter (<=1kb)",0
"DGKG","Intron (ENST00000265022.8/1608, intron 17 of 24)",6030
"MELK","Intron (ENST00000536329.5/9833, intron 4 of 15)",24565
"PPP1R12B","Intron (ENST00000608999.6/4660, intron 18 of 23)",4543
"SYBU","Intron (ENST00000276646.14/55638, intron 2 of 6)",3520
"CENPF","Exon (ENST00000706765.1/1063, exon 11 of 19)",-10621
"SBK1","3' UTR",31215
"AP1S3","Promoter (2-3kb)",-2067
"SLC6A2","Distal Intergenic",-32384
"MMRN2","Promoter (1-2kb)",-1052
"AKAP6","Intron (ENST00000280979.9/9472, intron 9 of 13)",17689
"PTPN5","Intron (ENST00000836338.1/ENST00000836338.1, intron 1 of 2)",-60670
"TFPI","Promoter (<=1kb)",-964
"THSD4","Intron (ENST00000355327.7/79875, intron 6 of 17)",54387
"GAS7","Promoter (1-2kb)",-1929
"SNTB1","Intron (ENST00000517739.1/ENST00000517739.1, intron 1 of 3)",-125829
"ETS2","Intron (ENST00000663561.1/400867, intron 2 of 2)",23572
"GLDN","Intron (ENST00000335449.11/342035, intron 2 of 9)",5533
"KRT5","Intron (ENST00000794060.1/ENST00000794060.1, intron 2 of 3)",8763
"SEMA3G","Promoter (<=1kb)",0
"CDCA2","Distal Intergenic",30198
"SH3BGRL2","Intron (ENST00000718098.1/83699, intron 2 of 4)",14723
"GFRA1","Distal Intergenic",-11167
"COL22A1","Intron (ENST00000303045.11/169044, intron 3 of 64)",-23383
"TFPI","Intron (ENST00000453517.5/105373786, intron 3 of 3)",-3947
"HPSE2","Intron (ENST00000370552.8/60495, intron 3 of 11)",-46827
"PLPP3","Promoter (2-3kb)",2136
"DGAT2","Promoter (<=1kb)",0
"CCBE1","Intron (ENST00000589242.1/ENST00000589242.1, intron 1 of 4)",-4235
"C5AR1","Promoter (<=1kb)",-5
"SIGLEC8","Distal Intergenic",18555
"GRIK3","Intron (ENST00000373091.8/2899, intron 1 of 15)",16055
"CORO6","Promoter (<=1kb)",0
"ARHGAP6","Intron (ENST00000495242.5/395, intron 1 of 14)",-32654
"C1orf21","Intron (ENST00000235307.7/81563, intron 1 of 5)",-11440
"SYBU","Promoter (<=1kb)",601
"KIF14","Intron (ENST00000447706.6/83479, intron 7 of 7)",-13776
"LAMA2","Promoter (<=1kb)",0
"CRMA","Exon (ENST00000788149.1/253868, exon 6 of 6)",4797
"PITX1","Distal Intergenic",12357
"ZNF469","Promoter (1-2kb)",-1639
"ADA2","Exon (ENST00000344033.5/ENST00000344033.5, exon 2 of 2)",-4164
"GAS7","Intron (ENST00000432992.7/8522, intron 2 of 13)",-28387
"PTPN5","Intron (ENST00000527285.1/120883618, intron 2 of 2)",3855
"KRTDAP","Intron (ENST00000810156.1/ENST00000810156.1, intron 2 of 2)",13980
"GLI3","Promoter (<=1kb)",503
"MOB3B","Promoter (<=1kb)",0
"CYRIB","Intron (ENST00000521014.1/ENST00000521014.1, intron 1 of 1)",-29365
"TEAD4","Intron (ENST00000358409.7/7004, intron 9 of 11)",25286
"ALDH3A2","Promoter (1-2kb)",-1943
"RUNX1T1","Promoter (1-2kb)",1885
"ETS2","Distal Intergenic",-8406
"RELN","Intron (ENST00000343529.9/5649, intron 2 of 63)",100979
"LOC102724210","Distal Intergenic",120874
"FHL1","Intron (ENST00000629039.2/2273, intron 2 of 6)",3479
"PIK3C2G","Promoter (2-3kb)",2772
"GAS7","Distal Intergenic",-28322
"PLA2R1","Intron (ENST00000283243.13/22925, intron 19 of 29)",-23372
"TNS2","Promoter (<=1kb)",85
"SLC6A2","Distal Intergenic",-12476
"CEP126","Distal Intergenic",29521
"AP1S3","Intron (ENST00000699384.1/130340, intron 8 of 10)",42708
"PTPN13","Intron (ENST00000427191.6/5783, intron 2 of 46)",18084
"COL4A6","Promoter (1-2kb)",-1892
"ABLIM1","Intron (ENST00000729399.1/101927692, intron 3 of 3)",14625
"IGF2BP1","Intron (ENST00000290341.8/10642, intron 5 of 14)",6253
"ATP6V0E2","Promoter (<=1kb)",0
"RRM2","Promoter (1-2kb)",1404
"LOC105369315","Promoter (<=1kb)",0
"RRM2","Promoter (<=1kb)",94
"MAGI2","Intron (ENST00000354212.9/9863, intron 10 of 21)",-28281
"TRHDE-AS1","Intron (ENST00000548156.1/29953, intron 2 of 4)",-69464
"C1orf21","Intron (ENST00000235307.7/81563, intron 3 of 5)",-4763
"PLEKHG7","Intron (ENST00000344636.6/440107, intron 3 of 16)",9597
"SVIL","Exon (ENST00000355867.9/6840, exon 32 of 38)",11052
"MYOF","Intron (ENST00000463743.5/26509, intron 9 of 33)",-17503
"TACR2","Distal Intergenic",-10279
"MEIS2","Distal Intergenic",-32395
"SYNPO2","Intron (ENST00000610556.4/171024, intron 1 of 4)",14503
"PAPPA","Promoter (1-2kb)",-1092
"TACC1","Intron (ENST00000519416.5/6867, intron 1 of 12)",6035
"ZBTB16","Intron (ENST00000682278.1/7704, intron 3 of 7)",11546
"TEAD1","Intron (ENST00000527636.7/7003, intron 3 of 12)",-3380
"RBMS3","Distal Intergenic",24949
"RFX2","Intron (ENST00000836840.1/100128568, intron 2 of 2)",4049
"NMNAT3","Intron (ENST00000662234.1/100507291, intron 7 of 7)",-5435
"TOP2A","Promoter (<=1kb)",0
"SORBS1","Promoter (2-3kb)",2424
"PARP1","Distal Intergenic",-49343
"SH3RF2","Promoter (2-3kb)",-2721
"SLIT2","Promoter (2-3kb)",2150
"THSD4","Intron (ENST00000355327.7/79875, intron 7 of 17)",-8457
"GABBR2","Intron (ENST00000259455.4/9568, intron 2 of 18)",10237
"ARHGAP6","Intron (ENST00000495242.5/395, intron 1 of 14)",105802
"IGSF9B","Exon (ENST00000533871.8/22997, exon 11 of 20)",7077
"IRAG1","Intron (ENST00000547195.5/10335, intron 1 of 18)",4868
"CREB5","Promoter (2-3kb)",-2097
"TNNT1","Promoter (1-2kb)",1184
"COL22A1","Promoter (<=1kb)",-424
"P3H4","Promoter (<=1kb)",0
"GABBR2","Intron (ENST00000259455.4/9568, intron 3 of 18)",-7287
"LDB3","Intron (ENST00000685347.1/11155, intron 14 of 16)",-4685
"HOXC9","Intron (ENST00000513209.1/3222, intron 1 of 1)",3934
"RASL11A","Promoter (<=1kb)",0
"IL1RL2","Intron (ENST00000481806.1/8808, intron 9 of 9)",-5242
"SYNE1","Intron (ENST00000367257.8/23345, intron 5 of 24)",11641
"NBEA","Promoter (2-3kb)",-2127
"CLIC6","Intron (ENST00000349499.3/54102, intron 1 of 5)",18857
"HMCN2","Exon (ENST00000683500.2/256158, exon 22 of 98)",19591
"CREB5","Intron (ENST00000396299.6/9586, intron 4 of 9)",17629
"TACR2","Promoter (1-2kb)",1213
"SUN1","Promoter (2-3kb)",-2064
"PKD1L2","Promoter (<=1kb)",0
"ZNF469","Intron (ENST00000565624.3/84627, intron 1 of 2)",33016
"TMEM91","Promoter (<=1kb)",0
"DUSP9","Promoter (2-3kb)",2206
"TNS2","Promoter (<=1kb)",-125
"TINAGL1","Promoter (2-3kb)",2670
"SYBU","Distal Intergenic",-28517
"SORBS1","Intron (ENST00000371227.8/10580, intron 2 of 31)",15156
"LDB2","Intron (ENST00000782750.1/105374505, intron 3 of 4)",13044
"CSMD2","Promoter (1-2kb)",1844
"ATP1A2","Distal Intergenic",-6528
"PRR11","Intron (ENST00000578777.5/55771, intron 3 of 6)",10202
"CACNB2","Intron (ENST00000324631.13/783, intron 2 of 13)",-27654
"PITX1","Intron (ENST00000282611.8/347732, intron 7 of 7)",20645
"AHNAK","Intron (ENST00000530124.5/79026, intron 2 of 2)",19935
"PIK3R1","Distal Intergenic",40208
"GABBR2","Intron (ENST00000259455.4/9568, intron 1 of 18)",28887
"EVA1C","Promoter (1-2kb)",1907
"SGK2","Promoter (1-2kb)",-1030
"CDCA2","Intron (ENST00000380665.3/157313, intron 6 of 13)",-3714
"PER2","Distal Intergenic",-7636
"SVIL","Promoter (<=1kb)",0
"MAGI2","Promoter (2-3kb)",-2970
"GINS1","Intron (ENST00000696810.1/9837, intron 1 of 5)",8168
"MYL9","Promoter (<=1kb)",530
"DCT","Intron (ENST00000725275.1/ENST00000725275.1, intron 1 of 2)",32038
"ADAMTS14","Promoter (<=1kb)",-256
"GRIK3","Intron (ENST00000373091.8/2899, intron 1 of 15)",13172
"PDGFRA","Promoter (<=1kb)",-921
"RAI2","Intron (ENST00000844922.1/105373144, intron 1 of 3)",-83839
"CBX7","Intron (ENST00000475962.5/23492, intron 1 of 1)",12467
"TFPI","Intron (ENST00000434418.2/104355152, intron 3 of 3)",-277561
"RYR3","Intron (ENST00000415757.7/6263, intron 38 of 102)",29038
"COL22A1","Distal Intergenic",-123693
"ALDH1A2","Intron (ENST00000558231.5/8854, intron 1 of 12)",9008
"ANK2","Distal Intergenic",-52111
"MYOF","Intron (ENST00000463743.5/26509, intron 12 of 33)",-12464
"DNASE1L3","Promoter (2-3kb)",-2558
"ONECUT2","Promoter (2-3kb)",2118
"TEAD1","Intron (ENST00000527636.7/7003, intron 10 of 12)",35171
"COL14A1","Intron (ENST00000498051.6/7373, intron 2 of 22)",-17824
"LOC107987100","Intron (ENST00000778322.1/107987100, intron 2 of 2)",17353
"STMN1","Promoter (2-3kb)",2906
"OLFML2A","Exon (ENST00000373580.8/169611, exon 3 of 8)",-5749
"SNTB1","Promoter (2-3kb)",2727
"AP1S3","Intron (ENST00000699384.1/130340, intron 1 of 10)",-20333
"HPSE2","Distal Intergenic",-11036
"LBX2","Promoter (<=1kb)",0
"COL8A1","Intron (ENST00000483969.5/1295, intron 3 of 3)",-19749
"ACSBG1","Intron (ENST00000560817.5/23205, intron 1 of 9)",3277
"DSC3","Intron (ENST00000583580.1/ENST00000583580.1, intron 2 of 2)",35247
"TCAM1P","Promoter (<=1kb)",-315
"MEIS2","Exon (ENST00000771073.1/ENST00000771073.1, exon 2 of 2)",-5135
"DNAJC22","Exon (ENST00000552651.2/ENST00000552651.2, exon 2 of 2)",9221
"TMEM164","Distal Intergenic",-91296
"THSD4","Intron (ENST00000355327.7/79875, intron 7 of 17)",-106436
"RHPN1","Distal Intergenic",5786
"CYRIB","Promoter (<=1kb)",924
"CAST","Intron (ENST00000718091.1/831, intron 3 of 11)",-9786
"SVIL","Intron (ENST00000729321.1/102724316, intron 2 of 4)",4979
"SYBU","Distal Intergenic",-43522
"COL22A1","Distal Intergenic",-37484
"FREM1","Intron (ENST00000380880.4/158326, intron 7 of 36)",-53955
"CACNA1B","Exon (ENST00000413253.1/774, exon 4 of 5)",25244
"DSC3","Distal Intergenic",116732
"EIF4EBP1","Promoter (<=1kb)",463
"TPT1-AS1","Intron (ENST00000517509.5/100190939, intron 3 of 10)",-6731
"CIDEA","Intron (ENST00000522713.5/1149, intron 4 of 5)",16993
"AKAP6","Intron (ENST00000280979.9/9472, intron 5 of 13)",-28279
"ARHGAP6","Promoter (<=1kb)",131
"NUF2","Distal Intergenic",20938
"CD34","Promoter (1-2kb)",1798
"IGF1","Promoter (<=1kb)",0
"TENM2","Promoter (2-3kb)",2036
"TSHZ2","Exon (ENST00000435057.1/ENST00000435057.1, exon 4 of 5)",11026
"CBX7","Distal Intergenic",16574
"ZYG11A","Promoter (<=1kb)",0
"COL21A1","Intron (ENST00000370819.5/81578, intron 1 of 28)",23846
"LIMD2","Promoter (2-3kb)",2325
"ADRA1A","Intron (ENST00000380586.5/148, intron 2 of 2)",90193
"LTBP4","Promoter (<=1kb)",-128
"TSHZ2","Intron (ENST00000371497.10/128553, intron 1 of 2)",22863
"ABHD12B","Intron (ENST00000557152.1/ENST00000557152.1, intron 1 of 1)",-11333
"PLK1","Promoter (<=1kb)",-175
"AKAP6","Intron (ENST00000280979.9/9472, intron 2 of 13)",-4033
"SYNPO2","Promoter (1-2kb)",1119
"AP1S3","Intron (ENST00000650969.1/130340, intron 12 of 16)",-22082
"KRT77","Promoter (2-3kb)",2844
"OLR1","Distal Intergenic",7034
"MAST4","Promoter (2-3kb)",-2272
"HPSE2","Distal Intergenic",-41070
"HPSE2","Intron (ENST00000370552.8/60495, intron 2 of 11)",63338
"SNTB1","Intron (ENST00000517739.1/ENST00000517739.1, intron 1 of 3)",-143454
"ACACB","Intron (ENST00000338432.12/32, intron 44 of 52)",6585
"GATM","Promoter (2-3kb)",2283
"ANTXR2","Intron (ENST00000403729.7/118429, intron 16 of 16)",47409
"GABBR2","Intron (ENST00000259455.4/9568, intron 12 of 18)",6062
"ESR1","Intron (ENST00000473497.5/2099, intron 1 of 2)",5390
"LAMA2","Intron (ENST00000617695.5/3908, intron 34 of 63)",5408
"PCSK2","Intron (ENST00000377899.5/5126, intron 8 of 12)",-31372
"FREM1","Intron (ENST00000380894.5/158326, intron 4 of 13)",5399
"NYNRIN","Promoter (<=1kb)",-250
"SCML1","Distal Intergenic",44632
"EIF4EBP1","3' UTR",12895
"DHRS12","3' UTR",5754
"GRIK3","Intron (ENST00000373091.8/2899, intron 5 of 15)",-5116
"COL22A1","Intron (ENST00000341807.8/169044, intron 6 of 38)",21637
"SNX33","Promoter (<=1kb)",27
"SYBU","Intron (ENST00000532779.5/55638, intron 1 of 5)",-3615
"SLC25A10","Promoter (<=1kb)",287
"SH3PXD2A","Intron (ENST00000783206.1/ENST00000783206.1, intron 1 of 1)",-4505
"IQCN","Promoter (1-2kb)",1823
"MAOA","Distal Intergenic",-94997
"PLSCR4","Promoter (2-3kb)",2884
"IFI6","Promoter (<=1kb)",-70
"PACSIN1","Promoter (<=1kb)",-23
"VSTM2L","Intron (ENST00000808192.1/124904896, intron 2 of 2)",-5622
"LINC01429","Intron (ENST00000732945.1/ENST00000732945.1, intron 1 of 2)",-103559
"ABR","Promoter (<=1kb)",109
"CSK","Promoter (<=1kb)",-470
"FLNC","Promoter (<=1kb)",825
"HOPX","Intron (ENST00000554144.5/84525, intron 1 of 4)",-11813
"CSTA","Distal Intergenic",-25153
"IGFL2","Exon (ENST00000666136.1/645553, exon 3 of 3)",-6485
"CD7","3' UTR",-3996
"MMRN1","Promoter (<=1kb)",0
"ABLIM1","Intron (ENST00000392955.8/3983, intron 10 of 22)",-3253
"CACNB2","Distal Intergenic",-35825
"ZNF469","Intron (ENST00000565624.3/84627, intron 1 of 2)",20991
"CSK","Promoter (<=1kb)",-73
"CLMP","Intron (ENST00000836643.1/ENST00000836643.1, intron 2 of 2)",-5403
"GALNT16","Intron (ENST00000337827.8/57452, intron 12 of 15)",-5064
"PALMD","Promoter (2-3kb)",2514
"FHL1","Promoter (<=1kb)",279
"MAST4","Intron (ENST00000403625.7/375449, intron 24 of 28)",7637
"TACC1","Distal Intergenic",9710
"SPOCD1","Intron (ENST00000770477.1/ENST00000770477.1, intron 2 of 3)",-45441
"SRRM3","Intron (ENST00000611745.2/222183, intron 1 of 14)",-14670
"PLD1","Intron (ENST00000351298.9/5337, intron 21 of 26)",-3283
"ERBB4","Intron (ENST00000722809.1/ENST00000722809.1, intron 3 of 3)",-28908
"ATF3","Promoter (<=1kb)",545
"TOP2A","Promoter (2-3kb)",2132
"LTBP4","Promoter (<=1kb)",-744
"DGKG","Promoter (2-3kb)",-2018
"NUF2","Distal Intergenic",19035
"CACNA1G","Promoter (2-3kb)",-2752
"SYNE3","Intron (ENST00000557275.5/161176, intron 16 of 16)",24671
"TENM2","Intron (ENST00000518659.6/57451, intron 11 of 30)",-48033
"KIF26B","Intron (ENST00000407071.7/55083, intron 3 of 14)",27262
"ADCY5","Intron (ENST00000492595.6/26984, intron 5 of 6)",27973
"CDH13","Intron (ENST00000268613.14/1012, intron 2 of 14)",12750
"ALDH1A2","Intron (ENST00000537372.5/8854, intron 2 of 13)",-4702
"FAT4","Distal Intergenic",-30994
"DGKG","Promoter (<=1kb)",504
"PALM","Promoter (2-3kb)",2769
"CES4A","Intron (ENST00000804323.1/ENST00000804323.1, intron 1 of 1)",8808
"PALMD","Promoter (2-3kb)",2025
"TNS1","Promoter (2-3kb)",-2982
"PTPN5","Intron (ENST00000836338.1/ENST00000836338.1, intron 1 of 2)",-52222
"TSHZ2","Intron (ENST00000371497.10/128553, intron 1 of 2)",-26999
"SBK1","3' UTR",29336
"JAKMIP1","Intron (ENST00000531445.3/389197, intron 3 of 33)",-17644
"KLF4","Distal Intergenic",4073
"ZYG11A","3' UTR",-16342
"LYVE1","Intron (ENST00000529829.8/100129827, intron 1 of 2)",3623
"LDB2","Intron (ENST00000515064.5/9079, intron 1 of 7)",31494
"SLC16A9","Intron (ENST00000395348.8/220963, intron 2 of 5)",33383
"ALDH1A2","Distal Intergenic",99269
"LOC107985034","Promoter (<=1kb)",0
"CHST11","Promoter (<=1kb)",412
"KIF1A","Distal Intergenic",-16294
"PRKG1","Intron (ENST00000401604.8/5592, intron 2 of 17)",-78186
"VSTM2L","Promoter (<=1kb)",-735
"SRSF5","Intron (ENST00000553521.5/6430, intron 1 of 8)",4521
"DSC3","Intron (ENST00000583580.1/ENST00000583580.1, intron 2 of 2)",36472
"KCNK7","Promoter (<=1kb)",-447
"MAST4","Intron (ENST00000406374.5/375449, intron 3 of 5)",-14043
"CSMD2","Intron (ENST00000373381.9/114784, intron 31 of 70)",-8412
"NXPH3","Promoter (<=1kb)",-26
"RYR3","Intron (ENST00000415757.7/6263, intron 49 of 102)",13694
"THSD4","Intron (ENST00000355327.7/79875, intron 7 of 17)",-103530
"KCNQ5","Exon (ENST00000405153.1/ENST00000405153.1, exon 1 of 1)",-98774
"TERC","Promoter (1-2kb)",1835
"MMP9","Exon (ENST00000535913.2/109729184, exon 3 of 3)",4986
"RYR3","Intron (ENST00000415757.7/6263, intron 48 of 102)",11665
"LOC102724210","Distal Intergenic",-8473
"TSHZ2","Intron (ENST00000371497.10/128553, intron 2 of 2)",35729
"HSD3B1","Exon (ENST00000756943.1/124904388, exon 5 of 6)",-31062
"PDE2A","Promoter (<=1kb)",0
"LTBP4","Promoter (<=1kb)",851
"SYNE3","Intron (ENST00000557275.5/161176, intron 15 of 16)",23748
"MAOA","Distal Intergenic",6825
"SRD5A3","Distal Intergenic",-33478
"PDE2A","Promoter (2-3kb)",-2446
"MAP1A","Promoter (<=1kb)",765
"LSR","Promoter (<=1kb)",-313
"AKAP6","Intron (ENST00000280979.9/9472, intron 4 of 13)",-56449
"PNPLA5","Intron (ENST00000216177.9/150379, intron 6 of 8)",6766
"SCN7A","Intron (ENST00000650747.1/107985958, intron 4 of 4)",-22520
"PTPRZ1","Intron (ENST00000651065.1/5803, intron 8 of 30)",-16413
"LOC124900729","Intron (ENST00000282470.11/8404, intron 2 of 10)",-23325
"TERC","Distal Intergenic",20243
"CHAF1B","Intron (ENST00000314103.6/8208, intron 3 of 13)",3681
"RELN","Intron (ENST00000343529.9/5649, intron 20 of 63)",20963
"CHPF","Promoter (1-2kb)",1250
"DLG5","Promoter (<=1kb)",-748
"VWC2","Intron (ENST00000340652.5/375567, intron 3 of 3)",79134
"ETS2","Promoter (<=1kb)",0
"CLEC3B","Distal Intergenic",13672
"ESPL1","Promoter (<=1kb)",-107
"RAPGEF3","Promoter (<=1kb)",666
"PRKG1","Intron (ENST00000401604.8/5592, intron 1 of 17)",10855
"AREG","Promoter (<=1kb)",181
"GAREM1","Promoter (<=1kb)",-124
"RERG","Intron (ENST00000393736.3/105369673, intron 2 of 3)",-47657
"NMNAT3","Intron (ENST00000662234.1/100507291, intron 5 of 7)",13331
"MAGI2","Exon (ENST00000627965.1/ENST00000627965.1, exon 1 of 1)",33396
"THSD4","Intron (ENST00000355327.7/79875, intron 7 of 17)",-14057
"MAST4","Intron (ENST00000403625.7/375449, intron 26 of 28)",14677
"CBX2","Promoter (<=1kb)",-369
"GABBR2","Promoter (<=1kb)",31
"ANK2","Distal Intergenic",-55057
"CDC6","Promoter (<=1kb)",-540
"MYOF","Promoter (<=1kb)",-337
"SEMA5A","Intron (ENST00000382496.10/9037, intron 3 of 22)",18020
"TACC2","Intron (ENST00000369005.6/10579, intron 3 of 22)",32173
"MYOC","Intron (ENST00000638471.1/4653, intron 2 of 3)",11291
"LMNB1","Promoter (2-3kb)",-2825
"UHRF1","Promoter (1-2kb)",1528
"DPYSL5","Intron (ENST00000450961.5/56896, intron 2 of 3)",-15518
"CLDN11","Exon (ENST00000468232.1/ENST00000468232.1, exon 1 of 4)",-8178
"ALOX12B","Promoter (<=1kb)",0
"MMP9","Intron (ENST00000372330.3/4318, intron 6 of 12)",3056
"ENTPD1","Promoter (2-3kb)",-2350
"LORICRIN","Distal Intergenic",18315
"ZNF469","Intron (ENST00000565624.3/84627, intron 1 of 2)",23883
"SPR","Distal Intergenic",5425
"EGFLAM","Promoter (1-2kb)",1258
"KIF26B","Intron (ENST00000407071.7/55083, intron 4 of 14)",5325
"IL16","Intron (ENST00000560241.5/3603, intron 2 of 12)",-21592
"MMRN2","5' UTR",44561
"KCNQ5","Intron (ENST00000649228.1/112267960, intron 2 of 2)",-5145
"IGFBP4","Promoter (<=1kb)",347
"DEPDC1","Distal Intergenic",11566
"MSRB3","Intron (ENST00000355192.8/253827, intron 1 of 5)",8758
"CBX7","Promoter (<=1kb)",-468
"ARHGAP6","Intron (ENST00000495242.5/395, intron 1 of 14)",-103628
"QPRT","Exon (ENST00000772429.1/ENST00000772429.1, exon 2 of 2)",31229
"PTGIS","Intron (ENST00000244043.5/5740, intron 5 of 9)",30786
"DLC1","Promoter (<=1kb)",0
"VAV3","Distal Intergenic",143844
"TSHZ2","Intron (ENST00000371497.10/128553, intron 1 of 2)",-60753
"HMCN2","Intron (ENST00000683500.2/256158, intron 25 of 97)",36007
"TCAM1P","Promoter (<=1kb)",19
"ABR","Promoter (1-2kb)",1785
"SH3PXD2A","Intron (ENST00000698239.1/79991, intron 11 of 11)",-3746
"SH3BGRL2","Intron (ENST00000718098.1/83699, intron 2 of 4)",41430
"MAOA","Distal Intergenic",-96825
"ESCO2","Intron (ENST00000356537.9/55246, intron 2 of 8)",-7872
"GLI3","Intron (ENST00000677288.1/2737, intron 9 of 13)",-36844
"COL22A1","Distal Intergenic",-299432
"MLXIPL","Intron (ENST00000345114.9/51085, intron 2 of 15)",-5904
"SVEP1","Exon (ENST00000374469.6/79987, exon 36 of 48)",-48274
"DGAT2L6","Intron (ENST00000333026.4/347516, intron 1 of 6)",19891
"SYNPO2","3' UTR",14806
"SVIL","Exon (ENST00000684815.2/102724316, exon 3 of 3)",-4615
"MAMDC2","Distal Intergenic",-71691
"CENPF","Distal Intergenic",-17791
"EPCAM","Promoter (<=1kb)",116
"GABBR2","Intron (ENST00000259455.4/9568, intron 3 of 18)",15041
"QPRT","Intron (ENST00000449759.2/23475, intron 2 of 4)",12906
"PDGFRA","Intron (ENST00000507166.5/5156, intron 12 of 23)",3082
"ARHGAP6","Intron (ENST00000380736.5/395, intron 1 of 12)",46052
"ADCY4","Promoter (<=1kb)",94
"ABCA9","Intron (ENST00000630625.1/104355297, intron 1 of 1)",16816
"LINC01348","Exon (ENST00000723716.1/731656, exon 3 of 3)",11290
"HPSE2","Intron (ENST00000404542.5/60495, intron 3 of 8)",79356
"ITGA7","Promoter (1-2kb)",1615
"SPN","Intron (ENST00000809314.1/ENST00000809314.1, intron 1 of 3)",-21186
"CENPN","Promoter (1-2kb)",-1689
"LOC101927344","Promoter (<=1kb)",0
"PKHD1L1","Exon (ENST00000378402.10/93035, exon 41 of 78)",-29387
"TACR2","Promoter (<=1kb)",471
"BAMBI","Promoter (<=1kb)",-151
"TEAD4","Exon (ENST00000513358.3/ENST00000513358.3, exon 1 of 1)",30644
"MMP9","Exon (ENST00000372330.3/4318, exon 11 of 13)",5315
"PER1","Promoter (2-3kb)",-2387
"NKX2-5","Distal Intergenic",30696
"MSRB3","Promoter (1-2kb)",1539
"ASRGL1","Intron (ENST00000415229.6/80150, intron 4 of 6)",-10532
"IRAK1","Promoter (<=1kb)",396
"CAST","Promoter (<=1kb)",471
"COL22A1","Intron (ENST00000341807.8/169044, intron 7 of 38)",23106
"TMPO","Exon (ENST00000266732.8/7112, exon 4 of 4)",4946
"IGSF9B","Intron (ENST00000533871.8/22997, intron 12 of 19)",10258
"SORBS1","Intron (ENST00000371227.8/10580, intron 2 of 31)",-4843
"LOC124904701","Promoter (<=1kb)",-189
"GSTM5","Intron (ENST00000429410.2/124904258, intron 1 of 1)",4002
"MYOCD","Promoter (1-2kb)",-1779
"SLITRK3","Distal Intergenic",10409
"CDHR1","Promoter (<=1kb)",-203
"E2F3","Promoter (1-2kb)",-1166
"MAP1A","Promoter (2-3kb)",-2866
"TNS4","Promoter (2-3kb)",2283
"GAS7","Promoter (<=1kb)",-58
"SYNE1","Promoter (<=1kb)",-209
"TPPP3","Promoter (<=1kb)",0
"STARD13","Intron (ENST00000628131.2/100874241, intron 2 of 5)",-22668
"ELOVL3","Exon (ENST00000370002.8/5309, exon 2 of 4)",5587
"JAKMIP1","Intron (ENST00000531445.3/389197, intron 1 of 33)",15653
"LINC02884","Promoter (1-2kb)",1432
"TACC3","Promoter (<=1kb)",-818
"GTSE1","Promoter (1-2kb)",-1523
"CEACAM6","Intron (ENST00000435837.2/1048, intron 1 of 1)",-4105
"ANK2","Distal Intergenic",21483
"SH3BGRL2","Intron (ENST00000718097.1/83699, intron 2 of 2)",7516
"ACVRL1","Distal Intergenic",11188
"COL21A1","Intron (ENST00000370819.5/81578, intron 1 of 28)",-67236
"KCNQ5","Promoter (2-3kb)",2513
"IGFN1","Promoter (1-2kb)",1492
"DNAJC22","Promoter (<=1kb)",-175
"TFPI","Distal Intergenic",-15778
"IGFBP4","Intron (ENST00000269593.5/3487, intron 1 of 3)",6871
"TEAD4","Intron (ENST00000358409.7/7004, intron 9 of 11)",23228
"THSD4","Intron (ENST00000355327.7/79875, intron 7 of 17)",-98380
"MAP3K21","Intron (ENST00000366624.8/84451, intron 5 of 9)",-10880
"SGSM1","Promoter (2-3kb)",-2889
"SVIL","Intron (ENST00000430295.6/102724316, intron 2 of 3)",32385
"FXYD1","Promoter (<=1kb)",563
"COL22A1","Distal Intergenic",-109204
"DPH6","3' UTR",22696
"EXO1","Promoter (<=1kb)",-59
"GAREM1","Intron (ENST00000583696.1/64762, intron 1 of 2)",15168
"ARMCX4","Promoter (2-3kb)",-2535
"PLN","Promoter (2-3kb)",2916
"GFPT1","Intron (ENST00000357308.9/2673, intron 1 of 19)",11121
"SYNE1","Intron (ENST00000423061.6/23345, intron 74 of 145)",-4506
"TPT1-AS1","3' UTR",5062
"TONSL","Distal Intergenic",-4062
"TNS1","Promoter (<=1kb)",-962
"IGFBP4","Intron (ENST00000828129.1/ENST00000828129.1, intron 1 of 1)",-9546
"PKD1L2","Intron (ENST00000525539.5/114780, intron 5 of 42)",-6393
"PIK3R1","Intron (ENST00000517412.2/5295, intron 2 of 2)",12892
"ALOX12B","Intron (ENST00000808803.1/ENST00000808803.1, intron 1 of 1)",13828
"UCP2","Distal Intergenic",-6450
"LINC01348","Distal Intergenic",-23267
"ABCA10","Promoter (2-3kb)",-2087
"NRN1","Distal Intergenic",-49986
"ADAMTSL5","Distal Intergenic",3728
"GLDN","Intron (ENST00000335449.11/342035, intron 9 of 9)",24642
"SNTB1","Intron (ENST00000517739.1/ENST00000517739.1, intron 1 of 3)",-138049
"NTRK2","Intron (ENST00000686332.1/4915, intron 16 of 16)",3838
"ACACB","Promoter (<=1kb)",777
"ARRDC3","Exon (ENST00000625713.2/100129716, exon 3 of 3)",-36427
"COL22A1","Intron (ENST00000846019.1/ENST00000846019.1, intron 1 of 2)",-22254
"ALOX12B","Promoter (<=1kb)",437
"ITGA8","Intron (ENST00000378076.4/8516, intron 2 of 29)",3834
"POU3F1","Intron (ENST00000792370.1/105378653, intron 1 of 1)",6058
"PSRC1","Promoter (<=1kb)",-248
"MEIS2","Distal Intergenic",-33435
"TONSL","Promoter (<=1kb)",160
"LIMD2","Promoter (1-2kb)",1022
"C1QTNF7","Intron (ENST00000397700.6/114905, intron 2 of 3)",21793
"NUP210","Distal Intergenic",12124
"ALDH1A2","Exon (ENST00000805059.1/ENST00000805059.1, exon 1 of 2)",66085
"TP53AIP1","Distal Intergenic",-13133
"HJURP","Distal Intergenic",-3394
"GLDN","Intron (ENST00000335449.11/342035, intron 9 of 9)",26055
"LDB3","Promoter (1-2kb)",1840
"C14orf132","Distal Intergenic",-44773
"CDHR1","Promoter (1-2kb)",1567
"JAM2","Promoter (2-3kb)",-2637
"KIF14","Intron (ENST00000614960.4/9928, intron 26 of 28)",59629
"FAT3","Promoter (<=1kb)",-302
"DUSP9","Promoter (2-3kb)",2554
"ACSBG1","Promoter (2-3kb)",-2669
"CYRIB","Promoter (<=1kb)",0
"LINC01940","Distal Intergenic",-44341
"TACC1","Intron (ENST00000519416.5/6867, intron 1 of 12)",11120
"JPT1","Intron (ENST00000420826.7/6613, intron 3 of 3)",-3577
"ADCY5","Promoter (<=1kb)",-245
"COL14A1","Intron (ENST00000498051.6/7373, intron 2 of 22)",-22534
"IRAG1","Intron (ENST00000424001.5/10335, intron 7 of 18)",9269
"CCNE1","Distal Intergenic",36382
"SPRING1","Intron (ENST00000546835.2/124903027, intron 1 of 1)",22550
"EN1","Distal Intergenic",-34002
"DUOXA1","Intron (ENST00000832928.1/ENST00000832928.1, intron 1 of 1)",3038
"ACVRL1","Downstream (<=300bp)",7810
"PTPN5","Intron (ENST00000836338.1/ENST00000836338.1, intron 1 of 2)",-10045
"PNPLA5","Intron (ENST00000216177.9/150379, intron 7 of 8)",8673
"C1QB","Distal Intergenic",6469
"EHD2","Intron (ENST00000599924.1/ENST00000599924.1, intron 1 of 2)",-13827
"COL8A1","Intron (ENST00000452013.5/1295, intron 2 of 3)",46449
"COL28A1","Distal Intergenic",-5652
"STARD13","Promoter (<=1kb)",3
"PRKG1","Intron (ENST00000401604.8/5592, intron 1 of 17)",20157
"DTL","Intron (ENST00000542077.5/51514, intron 5 of 13)",-9012
"ALDH1A2","Distal Intergenic",103508
"PTPRZ1","Intron (ENST00000651065.1/5803, intron 8 of 30)",-16001
"GLI3","Distal Intergenic",34611
"TCP11L2","Intron (ENST00000552828.5/10970, intron 1 of 2)",-19278
"CPNE7","Intron (ENST00000769348.1/ENST00000769348.1, intron 1 of 3)",3746
"ATOH8","Promoter (<=1kb)",-594
"PTH1R","Exon (ENST00000718454.1/151903, exon 4 of 7)",21006
"DLG5","Intron (ENST00000372391.7/9231, intron 1 of 31)",-18475
"SYNE3","Intron (ENST00000557275.5/161176, intron 10 of 16)",13415
"DNAH11","Intron (ENST00000448246.1/6671, intron 4 of 4)",-35154
"PER2","Promoter (<=1kb)",-609
"TPT1-AS1","Promoter (1-2kb)",1132
"CWH43","3' UTR",3867
"PTGIS","Intron (ENST00000244043.5/5740, intron 5 of 9)",33608
"CACNB2","Intron (ENST00000324631.13/783, intron 2 of 13)",-21568
"ALDH1A2","Intron (ENST00000558231.5/8854, intron 1 of 12)",-11652
"FAM107A","Promoter (2-3kb)",-2621
"TMEM164","Distal Intergenic",-116231
"CLMP","Intron (ENST00000836643.1/ENST00000836643.1, intron 2 of 2)",-13549
"SPR","Distal Intergenic",-27402
"SYNE1","Intron (ENST00000427531.6/2099, intron 6 of 6)",23054
"HJURP","Distal Intergenic",-3013
"MCAM","Promoter (<=1kb)",-190
"FAT3","Distal Intergenic",-87726
"CENPM","Promoter (1-2kb)",-1177
"CEACAM6","Promoter (2-3kb)",-2084
"MYBL2","Exon (ENST00000396863.8/4605, exon 5 of 13)",24968
"CRCT1","Distal Intergenic",18968
"CREB5","Intron (ENST00000396299.6/9586, intron 1 of 9)",-19659
"VAV3","Promoter (1-2kb)",-1006
"ACAN","Intron (ENST00000560601.4/176, intron 1 of 18)",30681
"ADGRD1","Intron (ENST00000261654.10/283383, intron 21 of 24)",10556
"ATF3","Intron (ENST00000366981.8/467, intron 1 of 3)",-12549
"PKD1L2","Exon (ENST00000525539.5/114780, exon 3 of 43)",5330
"ALDH1A2","Distal Intergenic",98354
"PNKD","Promoter (2-3kb)",2245
"ITGA8","Intron (ENST00000378076.4/8516, intron 23 of 29)",18775
"KNL1","Distal Intergenic",-3993
"DCT","Intron (ENST00000377047.9/10082, intron 6 of 8)",105292
"PLPP3","Intron (ENST00000461655.1/8613, intron 2 of 3)",-5463
"CACNB2","Intron (ENST00000324631.13/783, intron 2 of 13)",-45501
"CDCA5","Promoter (<=1kb)",951
"FBXO41","Exon (ENST00000295133.9/150726, exon 10 of 12)",6256
"GBP6","Distal Intergenic",-5519
"FAM107A","Intron (ENST00000649469.1/105377108, intron 3 of 3)",-13113
"MYLK","Intron (ENST00000360772.7/4638, intron 13 of 33)",11949
"CAV1","Promoter (<=1kb)",0
"ALOX12B","Exon (ENST00000808804.1/ENST00000808804.1, exon 1 of 1)",16369
"APOB","Distal Intergenic",80745
"GMIP","Promoter (<=1kb)",-283
"DKK3","Promoter (1-2kb)",1636
"EN1","Distal Intergenic",-17582
"GLI3","Distal Intergenic",36926
"LMOD1","Promoter (1-2kb)",1078
"C1QB","Distal Intergenic",14851
"ALDH1A2","Intron (ENST00000558231.5/8854, intron 1 of 12)",57358
"PLD1","Intron (ENST00000351298.9/5337, intron 24 of 26)",28350
"LOC102724210","Intron (ENST00000662020.1/105377412, intron 5 of 5)",-68290
"PARP1","Promoter (<=1kb)",0
"PAPPA","Distal Intergenic",-3702
"SGSM1","Exon (ENST00000610372.4/129049, exon 5 of 25)",5675
"TSHZ2","Intron (ENST00000371497.10/128553, intron 1 of 2)",31903
"NCCRP1","Distal Intergenic",-9466
"TMEM45A","Distal Intergenic",-29420
"CDC6","Promoter (2-3kb)",2217
"SRD5A3","Promoter (<=1kb)",123
"PAMR1","Intron (ENST00000622144.4/25891, intron 3 of 11)",39650
"CYRIB","Distal Intergenic",26985
"AKAP6","Intron (ENST00000280979.9/9472, intron 4 of 13)",-40613
"KCNG1","Promoter (1-2kb)",-1129
"CTHRC1","Promoter (<=1kb)",889
"MELK","Distal Intergenic",-16771
"CREB5","Distal Intergenic",44880
"ZCCHC12","Distal Intergenic",-16163
"COL22A1","Intron (ENST00000341807.8/169044, intron 12 of 38)",35430
"ADCY5","Promoter (<=1kb)",557
"GRIK5","Intron (ENST00000454993.6/2901, intron 1 of 8)",14419
"RELN","Intron (ENST00000343529.9/5649, intron 30 of 63)",-15051
"EZH2","Intron (ENST00000683292.1/2146, intron 1 of 17)",-9850
"S100A2","Distal Intergenic",-4699
"STAT1","Intron (ENST00000673816.1/6772, intron 9 of 24)",-12745
"PAQR4","Promoter (<=1kb)",-617
"MASP1","Distal Intergenic",-27819
"PER2","Intron (ENST00000254657.8/8864, intron 17 of 22)",6102
"PLD1","Promoter (1-2kb)",-1184
"IL22RA1","Distal Intergenic",-7428
"EPHB6","Promoter (<=1kb)",-709
"FHL1","Intron (ENST00000629039.2/2273, intron 1 of 6)",-3893
"IGF1","Promoter (2-3kb)",-2868
"LMNB1","Promoter (2-3kb)",2965
"TNNT1","Promoter (<=1kb)",396
"KIF14","Promoter (1-2kb)",-1659
"LDB3","Promoter (<=1kb)",-668
"TK1","Promoter (<=1kb)",0
"MTHFD2","Promoter (<=1kb)",470
"ESPL1","Promoter (<=1kb)",0
"ASRGL1","Promoter (2-3kb)",2798
"GMPS","Promoter (<=1kb)",0
"LY6D","Distal Intergenic",3180
"POC1A","Intron (ENST00000296484.7/25886, intron 6 of 10)",9882
"GPLD1","Intron (ENST00000492917.2/2822, intron 3 of 4)",4600
"SORBS1","Intron (ENST00000371227.8/10580, intron 20 of 31)",-7373
"MYOF","Intron (ENST00000745038.1/ENST00000745038.1, intron 1 of 2)",34367
"SVIL","Promoter (<=1kb)",-9
"DAAM2","Intron (ENST00000633794.1/23500, intron 5 of 25)",16837
"ABR","Promoter (2-3kb)",2537
"MAPKBP1","Promoter (1-2kb)",-1436
"CSK","Distal Intergenic",-12972
"VAV3","Intron (ENST00000370056.9/10451, intron 2 of 26)",3157
"COL21A1","Intron (ENST00000370819.5/81578, intron 1 of 28)",34611
"ASRGL1","Promoter (1-2kb)",1538
"LAMA2","Promoter (1-2kb)",-1839
"OSM","Promoter (2-3kb)",2703
"RDH12","Promoter (2-3kb)",2697
"CCNE1","Distal Intergenic",-39998
"TMEM164","Distal Intergenic",-111440
"PARVA","Intron (ENST00000530755.5/55742, intron 1 of 3)",14142
"WLS","Intron (ENST00000420587.5/100289178, intron 6 of 9)",26080
"SPR","Distal Intergenic",6323
"SOSTDC1","Intron (ENST00000401542.3/100506049, intron 5 of 8)",-34411
"TMPO","Distal Intergenic",22299
"PGAP4","Intron (ENST00000374851.1/84302, intron 2 of 3)",3067
"COL14A1","Promoter (1-2kb)",-1352
"RELN","Promoter (1-2kb)",-1206
"SLIT3","Promoter (1-2kb)",-1487
"MYOF","Intron (ENST00000463743.5/26509, intron 2 of 33)",3344
"NCAPH","Distal Intergenic",42966
"TEAD1","Intron (ENST00000527636.7/7003, intron 9 of 12)",14741
"PDLIM4","Promoter (1-2kb)",1861
"MYLK","Intron (ENST00000756472.1/100506826, intron 3 of 3)",4936
"SLIT3","Intron (ENST00000519560.6/6586, intron 32 of 35)",16601
"H2BC11","Distal Intergenic",53653
"CDCA8","Promoter (<=1kb)",0
"KCNQ5","Intron (ENST00000342056.6/56479, intron 12 of 14)",4786
"HMCN2","Distal Intergenic",-22317
"EBF1","Distal Intergenic",12212
"IL2RB","Exon (ENST00000419128.2/ENST00000419128.2, exon 1 of 2)",8261
"WLS","Intron (ENST00000420587.5/100289178, intron 7 of 9)",17739
"LOC102724210","Intron (ENST00000504050.6/102724210, intron 4 of 5)",-48447
"ADAMTSL2","Promoter (<=1kb)",-973
"FAT4","Promoter (1-2kb)",-1227
"NUF2","Distal Intergenic",69824
"PARP1","Distal Intergenic",-16428
"SBK1","Intron (ENST00000671413.3/388228, intron 1 of 3)",24641
"LOC107986925","Intron (ENST00000523627.1/124901908, intron 4 of 4)",8630
"RHPN1","Promoter (<=1kb)",405
"CIDEA","Exon (ENST00000590066.1/ENST00000590066.1, exon 1 of 1)",-7154
"EN1","Distal Intergenic",-35073
"CXCL17","Promoter (2-3kb)",2249
"ADAM33","Promoter (2-3kb)",-2996
"DUOX1","3' UTR",5644
"CFAP65","Promoter (<=1kb)",0
"RYR3","Intron (ENST00000415757.7/6263, intron 41 of 102)",-23185
"CSMD2","Promoter (1-2kb)",1367
"LPCAT1","Intron (ENST00000475622.6/79888, intron 7 of 16)",-12368
"ACACB","Promoter (1-2kb)",1197
"ITGAD","3' UTR",-10498
"B4GALNT3","Promoter (<=1kb)",-444
"TEAD1","Intron (ENST00000527636.7/7003, intron 9 of 12)",9419
"NXNL2","Intron (ENST00000478686.1/158046, intron 1 of 1)",43399
"PDGFRA","Intron (ENST00000507166.5/5156, intron 12 of 23)",-11211
"ACCS","Promoter (<=1kb)",0
"EIF4EBP1","Distal Intergenic",19879
"SIX2","Intron (ENST00000736046.1/ENST00000736046.1, intron 1 of 1)",27579
"POC1A","Intron (ENST00000296484.7/25886, intron 8 of 10)",31002
"ABR","Promoter (<=1kb)",0
"GREB1","Intron (ENST00000381486.7/9687, intron 7 of 32)",-5282
"CBX7","Intron (ENST00000745977.1/ENST00000745977.1, intron 1 of 1)",-18201
"RAPGEFL1","Promoter (<=1kb)",251
"PIK3R1","Promoter (1-2kb)",-1470
"TICRR","Intron (ENST00000559041.1/ENST00000559041.1, intron 1 of 1)",-18548
"DMKN","Promoter (<=1kb)",0
"LOC105378781","Intron (ENST00000835198.1/105378781, intron 2 of 3)",11457
"RFX5","3' UTR",3542
"ECT2","Promoter (<=1kb)",-30
"POLD1","Promoter (<=1kb)",-480
"WLS","Intron (ENST00000420587.5/100289178, intron 6 of 9)",21236
"EN1","Distal Intergenic",-8097
"COL28A1","Intron (ENST00000399429.8/340267, intron 25 of 34)",-4181
"TACC1","Distal Intergenic",-6544
"SCD","Intron (ENST00000429420.1/ENST00000429420.1, intron 2 of 3)",-4587
"CAB39L","Distal Intergenic",49695
"KIF26B","Promoter (1-2kb)",1545
"C5AR1","Distal Intergenic",-5463
"ISG15","Promoter (<=1kb)",765
"RAPGEF3","Intron (ENST00000548498.5/55652, intron 2 of 3)",3618
"IFI6","Promoter (2-3kb)",2770
"CITED2","Exon (ENST00000775572.1/102723690, exon 5 of 5)",4481
"CYRIB","Distal Intergenic",20854
"OLFML2A","Promoter (2-3kb)",-2474
"SH3PXD2A","Intron (ENST00000369774.9/9644, intron 5 of 14)",-19389
"CADM3-AS1","Distal Intergenic",-6300
"DGKG","Promoter (<=1kb)",-4
"GRIK5","Intron (ENST00000454993.6/2901, intron 1 of 8)",7906
"TFPI","Distal Intergenic",-15011
"TRIM46","Promoter (1-2kb)",1952
"PALM","Promoter (<=1kb)",-713
"CCDC194","Promoter (<=1kb)",-853
"DGAT2","Exon (ENST00000716206.1/100506113, exon 3 of 7)",8199
"MCAM","Promoter (2-3kb)",-2126
"PTPN5","Intron (ENST00000358540.7/84867, intron 1 of 14)",15700
"HMCN2","3' UTR",-29342
"SORBS1","Promoter (1-2kb)",1923
"SORBS1","Intron (ENST00000371227.8/10580, intron 17 of 31)",9235
"CARMIL2","Promoter (<=1kb)",-39
"SPART","Promoter (<=1kb)",0
"PDGFRA","Intron (ENST00000507166.5/5156, intron 12 of 23)",4034
"DLG5","Intron (ENST00000475613.6/9231, intron 1 of 21)",-8261
"CITED2","Intron (ENST00000775572.1/102723690, intron 4 of 4)",9563
"PPP1R12B","Exon (ENST00000367267.5/127833, exon 7 of 9)",32713
"GLYATL2","Intron (ENST00000533636.1/219970, intron 1 of 4)",3148
"IRAG1","Promoter (2-3kb)",-2005
"KIF26B","Promoter (1-2kb)",-1743
"SH3PXD2A","Intron (ENST00000369774.9/9644, intron 6 of 14)",7189
"WNT4","Distal Intergenic",23960
"JPH2","Distal Intergenic",-3141
"PKMYT1","Intron (ENST00000717628.1/ENST00000717628.1, intron 2 of 2)",-3260
"SIGLEC8","Distal Intergenic",19307
"SRSF5","Promoter (<=1kb)",131
"DPYSL5","Exon (ENST00000288699.11/56896, exon 11 of 13)",4236
"TACR2","Intron (ENST00000763854.1/ENST00000763854.1, intron 1 of 1)",3391
"COTL1","Distal Intergenic",-4793
"GPR17","Promoter (<=1kb)",0
"LAYN","Distal Intergenic",23676
"SSPN","Distal Intergenic",-24656
"H2BC17","Promoter (2-3kb)",2187
"CIDEA","Intron (ENST00000747584.1/ENST00000747584.1, intron 2 of 3)",-16875
"STARD9","Intron (ENST00000290607.12/57519, intron 7 of 32)",-15077
"KRTDAP","Promoter (<=1kb)",0
"ADAMTSL5","Promoter (<=1kb)",-351
"SH3BGRL2","Intron (ENST00000718097.1/83699, intron 2 of 2)",33204
"STARD9","Intron (ENST00000290607.12/57519, intron 26 of 32)",14894
"LDB3","Intron (ENST00000688001.1/11155, intron 8 of 12)",-7382
"CCDC194","Distal Intergenic",7947
"GAN","Promoter (1-2kb)",1030
"LAG3","Promoter (1-2kb)",1553
"DGKG","Promoter (2-3kb)",2161
"SCN7A","Intron (ENST00000650747.1/107985958, intron 4 of 4)",-45150
"C5AR1","Intron (ENST00000595501.5/728, intron 2 of 3)",-4321
"ESR1","Intron (ENST00000473497.5/2099, intron 1 of 2)",-14514
"INMT","Intron (ENST00000484180.1/11185, intron 1 of 3)",-8468
"VGF","Promoter (<=1kb)",0
"GREB1","Distal Intergenic",-4158
"SPRING1","Downstream (<=300bp)",16652
"ASRGL1","Distal Intergenic",3021
"TMEM158","Promoter (<=1kb)",875
"CADM3-AS1","Promoter (2-3kb)",2824
"ALDH1A2","Promoter (<=1kb)",-477
"DUSP1","Promoter (<=1kb)",339
"NES","Exon (ENST00000441272.2/ENST00000441272.2, exon 2 of 2)",-11679
"PPP1R14A","Promoter (<=1kb)",-46
"PLA2G2D","Distal Intergenic",18349
"ACSBG1","Intron (ENST00000258873.9/23205, intron 2 of 13)",11874
"CAST","Intron (ENST00000718091.1/831, intron 4 of 11)",-7642
"LINC02884","Intron (ENST00000748382.1/105378909, intron 1 of 3)",23232
"CYP4F22","Distal Intergenic",30595
"ACAN","3' UTR",5067
"USP18","Intron (ENST00000699060.2/11274, intron 1 of 9)",-4365
"SH3RF2","Promoter (<=1kb)",-364
"PTPN5","Promoter (1-2kb)",-1312
"DTL","Promoter (1-2kb)",-1091
"SRRM3","Promoter (<=1kb)",0
"IL16","Intron (ENST00000560241.5/3603, intron 4 of 12)",-12775
"EHD2","Intron (ENST00000599924.1/ENST00000599924.1, intron 1 of 2)",-5852
"SDS","Promoter (<=1kb)",687
"IGFBP4","Promoter (2-3kb)",-2198
"PTPN5","Exon (ENST00000657264.1/ENST00000657264.1, exon 2 of 2)",-20020
"USB1","3' UTR",-4492
"PACSIN1","5' UTR",12342
"CYP4F22","Distal Intergenic",31132
"CLEC3B","Intron (ENST00000461361.5/23016, intron 3 of 8)",-8685
"TCAM1P","Promoter (<=1kb)",0
"TACC3","Distal Intergenic",4305
"MAGI2","Intron (ENST00000354212.9/9863, intron 21 of 21)",-5270
"NUDT8","Promoter (<=1kb)",426
"MASP1","Distal Intergenic",-26922
"SRD5A3","Distal Intergenic",-24217
"IGFN1","Distal Intergenic",-5629
"CCDC194","Promoter (2-3kb)",2869
"SPR","Promoter (<=1kb)",491
"PLD1","Distal Intergenic",76052
"PLAC9","Promoter (<=1kb)",-44
"MAP3K21","Exon (ENST00000764239.1/ENST00000764239.1, exon 2 of 2)",19182
"TNS1","Distal Intergenic",20823
"KMO","Promoter (<=1kb)",-550
"CSMD2","Intron (ENST00000373381.9/114784, intron 40 of 70)",-10509
"NUDT8","Promoter (<=1kb)",-747
"EVA1C","Intron (ENST00000673740.1/110091775, intron 8 of 8)",-8613
"CHP2","Distal Intergenic",-19553
"TNS1","Distal Intergenic",24573
"RFX2","Promoter (<=1kb)",657
"ELOVL3","Downstream (<=300bp)",3550
"ALDH1A2","Intron (ENST00000558772.5/366, intron 5 of 5)",-43807
"NPR1","Promoter (<=1kb)",-732
"LGI4","Promoter (<=1kb)",-283
"PTH1R","Promoter (2-3kb)",2569
"COL22A1","Intron (ENST00000303045.11/169044, intron 16 of 64)",11677
"UBE2S","Distal Intergenic",-10469
"MCM10","Promoter (<=1kb)",-101
"RFX2","Promoter (<=1kb)",159
"TENM2","Intron (ENST00000518659.6/57451, intron 25 of 30)",-6192
"TACC3","Promoter (1-2kb)",-1074
"DPH6","Intron (ENST00000256538.9/89978, intron 5 of 8)",9884
"ITGA8","Distal Intergenic",-5909
"STIL","Exon (ENST00000360380.7/6491, exon 16 of 18)",18545
"LOC105378781","Intron (ENST00000835198.1/105378781, intron 2 of 3)",5601
"SPC24","Intron (ENST00000585567.5/147841, intron 4 of 5)",17792
"CES3","Promoter (<=1kb)",0
"SCN4B","Promoter (<=1kb)",0
"PHYHIP","Distal Intergenic",-5264
"MYOC","Promoter (2-3kb)",-2906
"CXCL12","Promoter (<=1kb)",-149
"ALDH1A2","Intron (ENST00000558231.5/8854, intron 1 of 12)",51258
"USP2","Promoter (1-2kb)",1918
"PIF1","Distal Intergenic",8641
"RHPN1","3' UTR",4339
"CXCL17","Intron (ENST00000685574.3/100996307, intron 1 of 3)",4176
"DLG5","Intron (ENST00000475613.6/9231, intron 1 of 21)",-17289
"EHD2","Promoter (<=1kb)",-20
"CHIT1","Promoter (1-2kb)",1541
"EXO1","Distal Intergenic",11112
"GSDMA","Intron (ENST00000635792.1/284110, intron 1 of 11)",-3788
"MLXIPL","Promoter (<=1kb)",0
"NKX3-2","Promoter (1-2kb)",-1183
"AHNAK2","Promoter (1-2kb)",1987
"SLC2A4","Promoter (<=1kb)",-884
"TINAGL1","Distal Intergenic",8932
"P3H4","Distal Intergenic",4996
"CLIC6","Intron (ENST00000349499.3/54102, intron 1 of 5)",23936
"TACC1","Intron (ENST00000519416.5/6867, intron 5 of 12)",6135
"EPHB6","Promoter (<=1kb)",-931
"CES2","Intron (ENST00000566869.1/8824, intron 2 of 3)",4564
"CDC25A","3' UTR",16369
"PACSIN1","Distal Intergenic",-5882
"ACSBG1","Intron (ENST00000560817.5/23205, intron 1 of 9)",4482
"TNNT1","Promoter (<=1kb)",99
"IL16","Intron (ENST00000560241.5/3603, intron 6 of 12)",-3563
"RAC3","Promoter (<=1kb)",-953
"TACC3","Promoter (1-2kb)",1857
"PRDM16","Promoter (<=1kb)",0
"IL1RL2","Promoter (<=1kb)",0
"ALDH1A2","Exon (ENST00000559684.1/283665, exon 3 of 3)",-5009
"GRIK5","Intron (ENST00000454993.6/2901, intron 1 of 8)",18978
"APOB","Promoter (<=1kb)",834
"CENPF","Intron (ENST00000706765.1/1063, intron 7 of 18)",-20258
"MAGI2","Intron (ENST00000354212.9/9863, intron 21 of 21)",14182
"AHNAK","Intron (ENST00000329251.5/1937, intron 7 of 9)",-4382
"QPRT","Distal Intergenic",21392
"KCNG1","Distal Intergenic",20829
"ADCY4","Promoter (<=1kb)",852
"STRIP2","Intron (ENST00000249344.7/57464, intron 18 of 20)",14179
"CDHR1","Promoter (1-2kb)",1128
"XRCC2","Exon (ENST00000771634.1/ENST00000771634.1, exon 2 of 2)",-30858
"VPS36","Promoter (<=1kb)",0
"MAP3K21","Distal Intergenic",65164
"MYOC","Intron (ENST00000638471.1/4653, intron 1 of 3)",7440
"CADM3-AS1","Distal Intergenic",-3653
"KCNG1","Distal Intergenic",26118
"SRRM3","Promoter (2-3kb)",-2196
"IGF2BP1","Intron (ENST00000290341.8/10642, intron 5 of 14)",5852
"TROAP","3' UTR",5049
"DNAH11","Intron (ENST00000409508.8/8701, intron 55 of 81)",31770
"MUC1","Promoter (<=1kb)",-626
"C5AR1","Promoter (<=1kb)",-672
"CPAMD8","Promoter (<=1kb)",-203
"WNT4","Promoter (2-3kb)",-2128
"CDC25A","Intron (ENST00000790116.1/ENST00000790116.1, intron 1 of 1)",22966
"GINS4","Promoter (<=1kb)",971
"LOC105378626","Intron (ENST00000639839.1/149086, intron 4 of 4)",11310
"GINS4","Promoter (<=1kb)",-147
"COTL1","Distal Intergenic",-4157
"CD8A","Promoter (<=1kb)",-33
"ZNF469","Intron (ENST00000767800.1/84627, intron 2 of 2)",18684
"AKAP12","Intron (ENST00000402676.7/9590, intron 3 of 4)",-6570
"KCNQ5","Intron (ENST00000342056.6/56479, intron 10 of 14)",9438
"LINC01348","Distal Intergenic",-23749
"CSK","Promoter (<=1kb)",-37
"RANBP3-DT","Promoter (<=1kb)",0
"FOXN1","Intron (ENST00000444914.7/9058, intron 9 of 11)",-11255
"DNAJC18","Promoter (2-3kb)",-2086
"DPYSL5","Promoter (1-2kb)",-1169
"SIGLEC10","Distal Intergenic",-4206
"INMT","Intron (ENST00000484180.1/11185, intron 1 of 3)",-11402
"IL16","Intron (ENST00000560241.5/3603, intron 4 of 12)",-12180
"IGFBP6","Promoter (<=1kb)",599
"ADGRD1","Distal Intergenic",-37436
"MAPKBP1","Promoter (<=1kb)",731
"PER1","Distal Intergenic",3341
"AKAP12","Promoter (1-2kb)",-1183
"LOC124904051","Promoter (<=1kb)",-762
"PPP1R12B","Intron (ENST00000608999.6/4660, intron 23 of 23)",4314
"TRIP13","Distal Intergenic",6470
"GLYATL2","Intron (ENST00000766633.1/ENST00000766633.1, intron 1 of 2)",55827
"ADGRD1","Exon (ENST00000261654.10/283383, exon 16 of 25)",12846
"ABCC3","Promoter (2-3kb)",2466
"GJB3","Intron (ENST00000426886.1/105378642, intron 2 of 4)",4266
"MYLK","Intron (ENST00000756472.1/100506826, intron 3 of 3)",-3332
"CSK","Distal Intergenic",-10753
"MKI67","Distal Intergenic",-23630
"SNCG","Promoter (1-2kb)",1120
"SEMA3G","Promoter (2-3kb)",-2001
"RAPGEF3","Promoter (<=1kb)",-22
"LINC01348","Distal Intergenic",-13641
"CHIT1","Intron (ENST00000484834.5/1118, intron 1 of 11)",5261
"CHPF","Intron (ENST00000461395.5/55515, intron 1 of 2)",12652
"AHNAK","Promoter (2-3kb)",2610
"NES","Promoter (<=1kb)",-705
"MYL9","Intron (ENST00000439595.5/101926987, intron 2 of 4)",15084
"PSRC1","Distal Intergenic",3958
"ADGRA2","Downstream (<=300bp)",-4084
"CPNE7","Promoter (<=1kb)",-835
"CD34","3' UTR",5140
"TFPI","Intron (ENST00000453517.5/105373786, intron 3 of 3)",-3058
"CNN1","Promoter (2-3kb)",-2437
"NES","Exon (ENST00000650347.1/ENST00000650347.1, exon 1 of 2)",-12164
"PTH1R","Distal Intergenic",7022
"GREB1","Intron (ENST00000381486.7/9687, intron 7 of 32)",-3713
"RPP25","Distal Intergenic",6107
"PPIEL","Promoter (2-3kb)",-2003
"LTBP4","Promoter (<=1kb)",137
"SPR","Distal Intergenic",-24552
"LINC02884","Intron (ENST00000748382.1/105378909, intron 1 of 3)",-33234
"BAMBI","Distal Intergenic",-13386
"KCNQ5","Distal Intergenic",-41158
"SPOCD1","Promoter (<=1kb)",0
"S100A2","Promoter (<=1kb)",-728
"CLEC3B","Distal Intergenic",10669
"CHIT1","Exon (ENST00000484834.5/1118, exon 1 of 12)",3467
"CLSPN","Intron (ENST00000786196.1/ENST00000786196.1, intron 1 of 1)",-4775
"DNAJC22","Distal Intergenic",-4078
"EHD2","Intron (ENST00000599924.1/ENST00000599924.1, intron 1 of 2)",-15024
"CAPN11","Exon (ENST00000398776.2/11131, exon 6 of 23)",-3574
"CLDN11","Intron (ENST00000468232.1/ENST00000468232.1, intron 3 of 3)",-4475
"DUOX1","Promoter (1-2kb)",1300
"CES3","Distal Intergenic",10263
"EGFLAM","Intron (ENST00000354891.7/133584, intron 17 of 22)",-3514
"GABBR2","Intron (ENST00000259455.4/9568, intron 13 of 18)",-9048
"CATSPERG","Promoter (<=1kb)",-1
"PTGIS","Intron (ENST00000244043.5/5740, intron 4 of 9)",26092
"MMRN2","Intron (ENST00000372027.10/79812, intron 6 of 6)",4860
"MAPKBP1","Promoter (<=1kb)",0
"GLDN","Intron (ENST00000335449.11/342035, intron 2 of 9)",3945
"PLLP","Distal Intergenic",-15954
"OAS2","Intron (ENST00000342315.8/4939, intron 2 of 10)",-10206
"H2BC11","Intron (ENST00000607124.2/ENST00000607124.2, intron 1 of 1)",5447
"SRRM3","Exon (ENST00000740673.1/ENST00000740673.1, exon 2 of 2)",9067
"IGFN1","Exon (ENST00000453155.1/ENST00000453155.1, exon 1 of 2)",9843
"ASRGL1","Distal Intergenic",-12242
"LINC02884","Promoter (<=1kb)",0
"CLEC3B","Distal Intergenic",7602
"RFX2","Promoter (<=1kb)",967
"CCL27","Promoter (<=1kb)",-300
"ARHGAP6","Intron (ENST00000495242.5/395, intron 1 of 14)",-105414
"LDB2","Distal Intergenic",-18155
"SLC4A3","Distal Intergenic",9191
"ARRDC3","Promoter (1-2kb)",-1594
"PNPLA1","Intron (ENST00000312917.9/285848, intron 6 of 7)",32071
"CWH43","Distal Intergenic",-22890
"COL22A1","Intron (ENST00000303045.11/169044, intron 23 of 64)",-5258
"BARX2","Distal Intergenic",-11410
"CSMD2","Intron (ENST00000373381.9/114784, intron 32 of 70)",-6503
"CADM3","Intron (ENST00000695582.1/9447, intron 1 of 3)",-10301
"STMN1","Promoter (2-3kb)",-2800
"LTBP4","Distal Intergenic",7270
"IFFO2","Promoter (1-2kb)",-1103
