"baseMean","log2FoldChange","lfcSE","stat","pvalue","padj","gene"
45.5478693673324,5.05547623047116,0.608777316377961,8.30431110763078,1.00400254977191e-16,2.17426792178604e-12,"SOX11"
57.2441831461237,-3.05274559535052,0.390363556397568,-7.82026279174851,5.2713175234663e-15,4.48881205796212e-11,"DIO3OS"
550.400446641989,-2.79001725808749,0.357720286485093,-7.79943817417176,6.21833957050534e-15,4.48881205796212e-11,"SORBS1"
67.1405513923497,-6.07376023653568,0.784952669847793,-7.73774071972189,1.01198957080967e-14,5.47891153636353e-11,"CERS3"
79.2906803630247,-5.22786713509238,0.695009868240999,-7.52200418149974,5.39428587485457e-14,2.33637309811701e-10,"CYP4F22"
57.4688924903186,5.42472444035591,0.729133892038997,7.43995650124816,1.00718459540379e-13,3.63526493301074e-10,"CXCL9"
203.421351668297,2.88521986752021,0.391203493004399,7.37524055667818,1.64048570284042e-13,4.67182363385462e-10,"CELSR3"
61.584621470393,3.5172774242309,0.477340906990893,7.36848104304207,1.72583067375494e-13,4.67182363385462e-10,"MYBL2"
67.786071490163,-4.13088410471037,0.564028951238721,-7.32388664737531,2.40890184792966e-13,5.79635315764053e-10,"PHYHIP"
900.812082260826,-3.99959951354047,0.551928655154512,-7.24658789897543,4.27401846680938e-13,9.25581439172239e-10,"SYNPO2"
62.1641841887757,-5.8309921138023,0.806147167476181,-7.23316082850913,4.71880012511501e-13,9.29003050086278e-10,"CIDEA"
67.1074898832274,3.70368395318139,0.51365726189422,7.21041875184101,5.57800713526394e-13,1.00664435434397e-09,"TUBB3"
1376.47921185084,-8.17894620685168,1.14984145332032,-7.11310779693489,1.13458591044769e-12,1.88305265160184e-09,"DES"
30.7896472005974,-5.36386489294057,0.755113491725998,-7.10338902921749,1.21734101969088e-12,1.88305265160184e-09,"LOC124901453"
55.6116169910993,-3.63123256105764,0.514939799347918,-7.05176132366534,1.76667054615798e-12,2.55060115650648e-09,"SLC22A3"
129.24876935143,3.09297937932174,0.441692940109045,7.00255561829481,2.51335056532591e-12,3.40181999016862e-09,"TK1"
102.315524454079,-3.1762965503245,0.456011799151759,-6.96538237877358,3.27512957512151e-12,4.17212976934303e-09,"COL4A6"
169.058329163872,-3.20001555696069,0.460377081602435,-6.95085764439532,3.6307210355995e-12,4.36816081927459e-09,"HSPB6"
51.8960777995938,-4.77645678598499,0.709519514520053,-6.73195971109544,1.67392998741412e-11,1.81653087896766e-08,"MASP1"
58.0780703873367,-6.11287566722677,0.908081314773097,-6.73163908097173,1.67762364145517e-11,1.81653087896766e-08,"MYOCD"
39.0881039419216,-3.36811775050957,0.50275910053949,-6.69926759534613,2.09466710437234e-11,2.16010051487083e-08,"TP53AIP1"
198.087012229912,-3.1117303437999,0.467225791330647,-6.66001406929563,2.73801373261513e-11,2.6952011542506e-08,"CA12"
52.4342461153364,-4.01755210738451,0.604850488028176,-6.64222346993851,3.08986007286111e-11,2.90930477121218e-08,"CYP4F12"
63.3807128856503,-3.30553610165568,0.501024744476454,-6.59755059624809,4.18006059122998e-11,3.77180800681986e-08,"MAOA"
135.030491800419,3.31030667645661,0.506514338174633,6.53546489599137,6.34122548203588e-11,5.49302316155876e-08,"EPCAM"
34.1221253166959,3.30185379768607,0.507569327896277,6.50522719993989,7.75760426562171e-11,5.85788594018225e-08,"BIRC5"
174.05944902251,-2.66328039444384,0.408966501615279,-6.51222137736169,7.40474790916946e-11,5.85788594018225e-08,"C14orf132"
389.270907360737,-4.4622597825836,0.685725770052531,-6.50735319782683,7.64864352231955e-11,5.85788594018225e-08,"DMKN"
27.1577829402915,7.66458575812025,1.17852263361714,6.50355414439176,7.84441689440733e-11,5.85788594018225e-08,"MNX1"
165.666042787336,2.60104179355854,0.400832782411117,6.48909447454017,8.63538069458613e-11,6.23359347739858e-08,"IFI30"
53.1000971176889,3.67198497044368,0.567475343335931,6.47073923751073,9.75246101865751e-11,6.81288051032409e-08,"KIF26B"
44.294539423852,2.65937266013301,0.41165931185363,6.46012997533886,1.04613090071752e-10,7.07969087060581e-08,"PLK1"
147.973351551341,-2.41607690080129,0.374968714666293,-6.44340929336332,1.16819099097658e-10,7.66616487896632e-08,"MOCS1"
53.4557992135083,3.84557723981812,0.600803542292132,6.40072331322618,1.54642588934864e-10,9.84982325286302e-08,"ADM2"
22.6113397533341,-4.07871693800812,0.642344142705339,-6.34973788478857,2.15682103574781e-10,1.33451761000441e-07,"SCN7A"
120.922751385757,-2.93051172267217,0.464697593926804,-6.30627694434279,2.85827404866835e-10,1.71941063327671e-07,"PLEKHH2"
497.085921407524,-3.47264035404067,0.551516682271513,-6.29652822057535,3.04385885936579e-10,1.78156236374123e-07,"FHL1"
53.7007045812384,-3.09219044472596,0.492649648600397,-6.27665208634733,3.45940989028979e-10,1.97149948905568e-07,"ATP1A2"
99.80625770434,-3.97662609528125,0.634675366864361,-6.26560648623868,3.71377109227739e-10,2.06219043011178e-07,"ITGA8"
467.752332897127,2.70523218281681,0.43251268871512,6.2546885985087,3.98309859943702e-10,2.1564495817352e-07,"TMEM132A"
579.513351061238,-3.08923676589586,0.494684576400239,-6.24486170233136,4.24175256550672e-10,2.24047301362472e-07,"ADAM33"
45.5498693073165,-6.96555514831171,1.11617845329303,-6.24053898170264,4.36065702864168e-10,2.24843782410153e-07,"DSC1"
417.271706461531,-3.07554633874927,0.493485861042951,-6.23228866628376,4.59669431480589e-10,2.31502353677759e-07,"TWIST2"
26.791724166262,-2.99063343850418,0.482305023103998,-6.20070970701732,5.62091079062614e-10,2.7549355312751e-07,"MAB21L1"
56.9645883219047,-2.8586362530616,0.461231620887911,-6.19783233326127,5.72460744862299e-10,2.7549355312751e-07,"NOVA1"
157.194742220504,-3.25160640600271,0.527669438693315,-6.16220339395582,7.17396214944768e-10,3.37737661540085e-07,"GFRA1"
314.289836726804,-2.2499815374583,0.365563603573919,-6.15482918830387,7.51584563014785e-10,3.46304580779749e-07,"ITGA7"
318.04783128234,-2.76162292887379,0.451012241518394,-6.12316623508137,9.17338990128595e-10,4.13872774379684e-07,"AOC3"
105.993952836883,3.20194226120647,0.525150124458884,6.09719413949632,1.07946392094142e-09,4.77078993304234e-07,"PKMYT1"
576.874115128625,-4.2839715096269,0.704479733902043,-6.08104293632183,1.19403310221677e-09,5.17159617232125e-07,"HMCN2"
71.6453360954072,2.40994019281051,0.396744242355425,6.07429153477558,1.24536299790805e-09,5.28815315346997e-07,"E2F1"
34.3794633364645,-3.22578413497267,0.531599137676448,-6.06807631229833,1.29451396904047e-09,5.39115279106547e-07,"CADM3"
552.832948377705,-2.58821483269738,0.427292338401263,-6.05724605870848,1.38471694114649e-09,5.65800567499403e-07,"TNS4"
413.30671644227,-2.51687242958167,0.416589843527025,-6.04160775565906,1.52586048909181e-09,6.11926569477263e-07,"THSD4"
197.979808018905,2.42417719469035,0.401549266395912,6.03706044951457,1.56946941480675e-09,6.17971448128271e-07,"TONSL"
303.525001299838,-2.75134560457871,0.456426027948659,-6.02802083164327,1.65979661124574e-09,6.41867060948888e-07,"GREB1"
37.4210196687115,3.32091853145123,0.553979093919364,5.9946640006863,2.03906594257318e-09,7.74701965830963e-07,"GTSE1"
463.814537177768,-1.8196547662047,0.304122111951356,-5.98330307036586,2.18657364641422e-09,8.16421360116315e-07,"ABLIM1"
174.125223804349,-2.12330865291838,0.355660175858448,-5.9700489316618,2.37182442390773e-09,8.5607049540243e-07,"IQCN"
193.208872933116,-4.09716227444719,0.686001588079382,-5.97252593236429,2.33607997505227e-09,8.5607049540243e-07,"TP63"
236.767659776542,-2.14238329155768,0.359345055315406,-5.96191114881839,2.49304705477421e-09,8.85072574068692e-07,"PRELP"
13.7039807358444,-4.18441669523901,0.70278863658474,-5.95401871546121,2.61636863900301e-09,9.13872245907243e-07,"ARL5AP2"
76.9135242438286,2.58453915038615,0.434526196542067,5.9479478359504,2.71525089878082e-09,9.33356721650754e-07,"SBK1"
267.250947889777,-1.8581444751837,0.312559024433991,-5.94493945119195,2.76559063491414e-09,9.35806731089073e-07,"DAAM2"
21.8035773850965,2.42518998902056,0.409799337400759,5.91799392454574,3.25892003051397e-09,1.08577187970478e-06,"CCNB1"
169.255048765879,2.43333666096831,0.412648305896639,5.89687786474958,3.70443846291817e-09,1.21550483868115e-06,"PYCR1"
15.3013219992517,-5.08288873127045,0.87218152323501,-5.82778767476924,5.61669753064379e-09,1.81545077199436e-06,"MYOC"
333.462804793315,-2.6663807605098,0.45892910878737,-5.81000574915631,6.24706971543366e-09,1.98950796702105e-06,"GPX3"
572.369735543337,1.83305838670844,0.316486247351287,5.79190534201576,6.95923638406336e-09,2.1841916396127e-06,"CHPF"
82.3869756911507,5.14631059185803,0.88974974010537,5.78399785904807,7.29458707219456e-09,2.22495179768233e-06,"XRCC2"
18.7144163891109,5.10280090559795,0.882163463618559,5.78441651240768,7.27644495173234e-09,2.22495179768233e-06,"ZIC2"
75.0491148829778,-3.58053184868404,0.621278545219153,-5.76316674096806,8.25501665840347e-09,2.48292556603313e-06,"ADGRL3"
214.365560122364,2.71462849270837,0.472199846504315,5.74889744841025,8.98272780043343e-09,2.66479388008475e-06,"IFI6"
456.64750571058,-2.94945006904156,0.513312376153821,-5.74591653359575,9.14243993282055e-09,2.67552269169138e-06,"FAT2"
55.7226841973136,-3.39936761636846,0.591937914052648,-5.74277730090814,9.31361815917937e-09,2.68927619806918e-06,"HSPB7"
38.383252040627,1.90024358663914,0.331475104522981,5.73268870183703,9.88509607369437e-09,2.81673211278849e-06,"TEAD4"
73.4481665421726,-3.60925475137677,0.630273923244017,-5.72648592662688,1.02532263613992e-08,2.88368662444754e-06,"DSG3"
65.7756097743206,2.03547850382488,0.356380858409483,5.71152590211818,1.11967650988022e-08,3.06933094910962e-06,"LMNB1"
256.633790524766,-1.88795165424406,0.330431847962035,-5.71358864433967,1.10618209384858e-08,3.06933094910962e-06,"SLIT2"
53.4124910925456,3.34217816758943,0.585661096759073,5.70667607270544,1.15203727848549e-08,3.11856491286023e-06,"RRM2"
20.6564700655481,-4.5043143102715,0.790376915973673,-5.69894466708026,1.2055134160621e-08,3.19983625430171e-06,"SLC10A6"
39.7041270661521,-6.00951989426474,1.05465619342856,-5.69808429676832,1.21161143725868e-08,3.19983625430171e-06,"ZCCHC12"
10150.27461805,-2.07653526782343,0.364993570369746,-5.68923793841042,1.27607558773852e-08,3.32948107567052e-06,"AHNAK"
60.1696535374443,-2.80727287484245,0.497878825330811,-5.63846609258224,1.71571594778571e-08,4.42327911491039e-06,"CLEC3B"
121.956933340287,3.3226796824429,0.590382330693121,5.62801342401626,1.82296905423029e-08,4.64449621628366e-06,"FAM222A"
350.73183409133,-2.10184355985074,0.373921370424045,-5.62108434045143,1.89762597098553e-08,4.77848697996077e-06,"PER2"
43.8586558982404,3.4037627964147,0.608360601903379,5.59497571960667,2.2065264712951e-08,5.49247554739847e-06,"CDKN2A"
83.5269933704055,-3.42432197492042,0.613829247656092,-5.57862302585971,2.42429985905472e-08,5.96598156223738e-06,"CACNA1G"
21.2071953826865,3.19517544852886,0.574477471935765,5.56188119572795,2.66881962390145e-08,6.28196178391389e-06,"CLSPN"
131.557056002105,-3.13821982387653,0.564402868351169,-5.56024782978947,2.6939183311037e-08,6.28196178391389e-06,"MRGPRF"
18.6391874549114,4.82696967901813,0.867478443536893,5.56436844624929,2.63103523156735e-08,6.28196178391389e-06,"ONECUT2"
33.9016667829149,-3.50882346724052,0.630983154897129,-5.56088294910595,2.68413183221647e-08,6.28196178391389e-06,"PKHD1L1"
23.5904458662036,2.99797172281507,0.539203502746368,5.56000045909431,2.69773940664939e-08,6.28196178391389e-06,"PRR11"
539.758946085134,-3.31062690043159,0.596109184240355,-5.55372570655903,2.79644176047294e-08,6.30830653800022e-06,"COL17A1"
41.0331155432756,-3.21902192129293,0.579550629339445,-5.55434117112749,2.78660753947065e-08,6.30830653800022e-06,"CYP4B1"
688.669630892425,-2.25092217576136,0.405057572282317,-5.55704257811655,2.74383847220205e-08,6.30830653800022e-06,"PPP1R12B"
23.7515364220733,4.7454617149793,0.855034384421857,5.55002442175236,2.85629694509559e-08,6.37690377762784e-06,"LOC105379556"
827.42432930778,-3.56061120318102,0.642936077105681,-5.53804854008178,3.05860500827658e-08,6.7588928631875e-06,"FLNC"
9.65998855400892,7.20991123963199,1.30873162189825,5.50908308395145,3.60707636464484e-08,7.7341431438365e-06,"CST1"
96.8235522995545,2.4573130349974,0.446020077782192,5.50942246191303,3.6001293250422e-08,7.7341431438365e-06,"UHRF1"
28.0268432568168,-6.52783481438651,1.18425856367291,-5.5121702427389,3.54435832478164e-08,7.7341431438365e-06,"WFDC5"
34.7100344092321,3.13989372009955,0.570259281848884,5.50608086539065,3.66910042247903e-08,7.79000379894175e-06,"CDCA5"
848.124366424881,-2.67089528376911,0.487821499274278,-5.47514877417774,4.37144187941778e-08,9.10268705198764e-06,"EGFR"
66.6653377318685,4.76562358944911,0.870219677093373,5.47634547332554,4.3419959731097e-08,9.10268705198764e-06,"VSTM2L"
50.8689904427445,3.21947319373991,0.589685097284997,5.4596482233702,4.77078899561331e-08,9.83963871323827e-06,"CDC20"
8.42449636984497,7.50995604235578,1.37775245665955,5.45087472430582,5.01226701783572e-08,1.00058241926792e-05,"LINC01833"
289.057374199374,-2.89736936410798,0.53152859479089,-5.4510131580933,5.00836641407061e-08,1.00058241926792e-05,"LMOD1"
121.096150216678,-2.89192738699612,0.530259303409649,-5.45379848764666,4.93050735577912e-08,1.00058241926792e-05,"SH3RF2"
62.3113907874798,2.79337931269162,0.512543994894516,5.4500283693042,5.03617859716491e-08,1.00058241926792e-05,"TROAP"
214.458312488184,-6.17766533200317,1.13659883525804,-5.43522053724493,5.47286994185494e-08,1.07745883146191e-05,"CDHR1"
133.770792021364,-1.62819668478628,0.299678441057913,-5.43314587141632,5.53691078494987e-08,1.08024630593581e-05,"SEMA3G"
107.812931161992,-2.94201846082032,0.541765186442887,-5.43043099564403,5.62181141786376e-08,1.0870173934398e-05,"PGM5"
182.751005565631,3.11099204312511,0.574026811329906,5.4195936177921,5.97346632783053e-08,1.14479103358848e-05,"IQGAP3"
32.6542853334562,-4.53959244833751,0.839415727482876,-5.40803835299847,6.37187818305284e-08,1.21043328010695e-05,"HAL"
18.2113229851574,-3.6471279441998,0.676218064180729,-5.39341987058342,6.91291610097304e-08,1.30179227028411e-05,"CCBE1"
24.1056826905301,2.87111761601695,0.533086958984261,5.38583352608654,7.21096826878131e-08,1.346213179558e-05,"H3C14"
56.4978444858018,-2.33244102175878,0.433455722940021,-5.38103639730126,7.40582173035138e-08,1.3707732939529e-05,"WNT4"
24.9601244014116,-6.82027942959747,1.27146962761272,-5.36409150598669,8.13576543223328e-08,1.49311979830885e-05,"GSDMA"
33.3876961636284,2.64180039839571,0.493020069025524,5.35840336807658,8.39606227672128e-08,1.52794222407291e-05,"CILP2"
973.954895717414,-2.25384884149577,0.420804112680514,-5.35605231407745,8.50598904906479e-08,1.53504749038789e-05,"PER1"
67.7088953510464,3.34477254602048,0.624686022628084,5.35432589310845,8.58759630040762e-08,1.53696682216221e-05,"KIF18B"
220.304454273842,2.74297103132217,0.51280800727285,5.34892394896385,8.84787091029455e-08,1.57056961010933e-05,"CAPS"
36.3908931468111,-2.54241683485249,0.475937811323185,-5.34190975031834,9.19724447627952e-08,1.61931322258788e-05,"INMT"
47.0492390897748,2.55657506779877,0.480952644495368,5.31564821830061,1.06278298164387e-07,1.85609905245804e-05,"IL4I1"
12.131234659406,3.46169251299757,0.651555280228967,5.31296824389341,1.07853839022185e-07,1.86854619029155e-05,"SPOCD1"
52.8037363226645,-2.50222189304794,0.471412439879429,-5.3079250383972,1.10880221964311e-07,1.8759547553587e-05,"AREG"
158.051462584016,1.64086261257794,0.309103586496132,5.30845543132667,1.1055811108004e-07,1.8759547553587e-05,"FBXO41"
157.915038878648,-2.79202471958389,0.525922959470883,-5.30880934042672,1.10343683824975e-07,1.8759547553587e-05,"IGF1"
66.6469169709396,-3.72415405348895,0.703927930153242,-5.29053315540161,1.21960309565467e-07,2.04742051468973e-05,"HPSE2"
16.4830123139243,4.7863725820497,0.905126691733882,5.28806920153997,1.23614215744965e-07,2.05922265859459e-05,"CLPSL1"
119.029974969203,-2.88188159329961,0.547345593775714,-5.26519556578457,1.40040202074742e-07,2.31504627185543e-05,"RFX2"
21.9596953670113,-2.92405563977566,0.55575717836471,-5.2613906821313,1.42969882864447e-07,2.3455725631155e-05,"ALDH1A2"
67.6914729328312,3.27363099634442,0.622537782263281,5.25852581098435,1.45214806087223e-07,2.364490105733e-05,"SPP1"
20.3088078969991,4.5969641746639,0.875148449476001,5.25278217360307,1.49818684376785e-07,2.42124882751019e-05,"JAKMIP1"
84.6750538624203,-2.28861889005015,0.435945816709755,-5.24977830346719,1.52282370439044e-07,2.42487280457937e-05,"ADGRD1"
1463.35471551806,-5.07570886749702,0.966735787392692,-5.25035788856676,1.51803981265084e-07,2.42487280457937e-05,"FLG"
52.0259655527924,4.79914677935803,0.915855514421337,5.2400697531316,1.60515912094983e-07,2.53732306009413e-05,"FIBCD1"
80.6836530913148,2.46710734869705,0.471947749589602,5.22750103341399,1.71816438536157e-07,2.69627303836161e-05,"H1-5"
110.244362209102,1.32261890549502,0.253503054928488,5.21736870535201,1.8148277827758e-07,2.81339122547876e-05,"CDR2L"
369.504564854126,-6.0341749153625,1.15664453829655,-5.21696572764641,1.81877895995117e-07,2.81339122547876e-05,"FLG2"
68.8988184536537,2.61922032959188,0.502637855611436,5.21094919602845,1.87876899919655e-07,2.85590280021439e-05,"CBX2"
85.3434968451873,-8.04721596337861,1.54417580506225,-5.2113340572994,1.87487501211924e-07,2.85590280021439e-05,"KRT77"
196.226575616477,-2.83874316371333,0.544837784214123,-5.21025385162659,1.88582425392805e-07,2.85590280021439e-05,"LONRF2"
80.5978703109566,2.16921319543954,0.416632496538937,5.20653864847245,1.92395637261757e-07,2.89341661148654e-05,"FOXM1"
14.4688283448764,7.00160991371662,1.34667323154566,5.19918993687906,2.00158913539439e-07,2.98940788386903e-05,"NKX3-2"
120.432187931577,-2.83344946606739,0.547184460288423,-5.17823452912729,2.23995529409869e-07,3.3224980718494e-05,"IGFBP6"
47.1886817637906,-2.80634920636128,0.542763899221267,-5.17047874847185,2.33495027325173e-07,3.43984238894826e-05,"LYVE1"
185.525749757709,-1.5296269946872,0.296515650556924,-5.15867203573979,2.4870752141076e-07,3.63919600248069e-05,"CD34"
162.911038571762,1.50178328848154,0.291318734827525,5.15512086570974,2.53467386316992e-07,3.6839528309267e-05,"DHTKD1"
50.7674436747832,-1.86073222963083,0.361338438783781,-5.14955518126945,2.61104949454666e-07,3.75813834850568e-05,"CAB39L"
21.4777565628524,-3.37636082843218,0.655746278141073,-5.14888294601317,2.62042339593811e-07,3.75813834850568e-05,"FGF10"
16.8651459527397,2.88170960134795,0.5598675542292,5.14712735106673,2.64505762420715e-07,3.76851104669935e-05,"C4orf48"
40.1277634825789,-2.35977450135554,0.458759007251785,-5.14382162323497,2.69205156714052e-07,3.81039664954216e-05,"EMILIN3"
20.5844187091428,2.35008489764541,0.457293738388075,5.13911453484861,2.76036116729574e-07,3.88171308045172e-05,"SDS"
196.073266483812,-2.58100528319196,0.504376012819413,-5.11722448647864,3.10064503801102e-07,4.29591576088552e-05,"ESR1"
15.1725559918698,3.96877123127597,0.775697853939417,5.11638805125009,3.11441990422528e-07,4.29591576088552e-05,"FAM111B"
18.4432089328346,2.57109200019641,0.502486556763377,5.1167378820189,3.10865152945566e-07,4.29591576088552e-05,"TEDC2"
57.1527269068711,-2.58258474239447,0.50529418213347,-5.11105180647479,3.20370107059995e-07,4.39109812562738e-05,"FAT3"
97.6452070069714,3.08507259968245,0.604071885203616,5.10712826610456,3.2709172714262e-07,4.42718652687536e-05,"ADAMTS14"
2788.81895537759,-2.33673676186434,0.457438841165138,-5.10830421813867,3.25062984715169e-07,4.42718652687536e-05,"TNS1"
187.015677179441,-2.56896948592726,0.505537178520072,-5.08166282339066,3.74145106576888e-07,5.03260026585657e-05,"DPT"
31.2262901330256,-1.95116179458314,0.384104418578526,-5.07976919870879,3.77893690445899e-07,5.05164553104715e-05,"SGSM1"
157.349196675615,-2.77150232831835,0.546096788297169,-5.07511193567062,3.8726795563203e-07,5.14519929274064e-05,"ITIH5"
175.458899479048,-3.93819531127806,0.776737898458492,-5.07017273020123,3.97454816175316e-07,5.21653424187433e-05,"KRT6B"
28.1390671235387,-2.20560994157019,0.434932646575095,-5.07115287605658,3.95412967365882e-07,5.21653424187433e-05,"LOC105378626"
138.076660002392,-1.39715068450014,0.275695414402748,-5.06773276416968,4.02582061145533e-07,5.25199826275161e-05,"ADCY4"
77.7529588858311,-2.86769899408719,0.567036082820398,-5.05734834337783,4.25126267736732e-07,5.44302163723516e-05,"MAOB"
104.675590786795,2.65033296783396,0.524037451200335,5.05752587293758,4.24730818939687e-07,5.44302163723516e-05,"MEX3A"
87.2649103214817,1.80645419680511,0.357203868860985,5.05720781402883,4.25439550067583e-07,5.44302163723516e-05,"MTHFD2"
52.0793768009267,-2.22684209692728,0.440402001230361,-5.05638505435056,4.2727820388344e-07,5.44302163723516e-05,"RAI2"
42.0861828578726,-2.83833277977569,0.561749947193968,-5.05266229921983,4.35693849963171e-07,5.51776959929967e-05,"LDB3"
38.5505496856456,4.61909080287219,0.914838596140191,5.04907731523426,4.43949051024468e-07,5.58962828429411e-05,"LINC01002"
1282.05754627613,-2.69539321245977,0.535276453433099,-5.03551612474703,4.76563007964008e-07,5.95246762780811e-05,"AHNAK2"
180.592596972447,2.51022405455964,0.498571415135902,5.03483348293321,4.78264391964634e-07,5.95246762780811e-05,"FNDC1"
53.3273678413872,-2.86463846864538,0.569377258182579,-5.03117823460169,4.87474695410192e-07,6.03242971645893e-05,"EPHB6"
30.0683470740978,4.56959171226483,0.910064821380347,5.0211716845992,5.13572284689197e-07,6.30646939828999e-05,"CXCL10"
262.981802665105,-3.27135537260082,0.6516030127052,-5.02047306230129,5.15443795482697e-07,6.30646939828999e-05,"RAPGEFL1"
101.618927790376,-1.79836302043804,0.358880618936653,-5.01103410311347,5.41383183861786e-07,6.58662597174766e-05,"NBEA"
133.000687098261,-1.50922369156154,0.301458167150841,-5.00641168831353,5.54540860711521e-07,6.70901501651882e-05,"ARHGEF25"
407.94938597641,-2.47605738345072,0.494744714001843,-5.00471720743135,5.59440986089163e-07,6.73069666374829e-05,"SVEP1"
23.2732651678903,-3.03281643569869,0.606607313982588,-4.99963710590166,5.74383166748858e-07,6.87228831995209e-05,"PGAP4"
75.6331993003505,-5.78481043820694,1.15764403448621,-4.9970545918067,5.82125930034887e-07,6.92665886859094e-05,"SPINK5"
34.2604988097262,2.97958114491011,0.596553750643326,4.99465662850484,5.89405400051873e-07,6.97495264673408e-05,"PITX1"
47.2362413691291,2.54580677841742,0.509890063562999,4.99285426475638,5.9493449816297e-07,7.00212037620505e-05,"H3C10"
52.7393658822889,1.87465987050632,0.375576947349868,4.99141356713779,5.99390037916526e-07,7.01642738438935e-05,"JPT1"
132.856186639828,2.33479294123474,0.468380590632833,4.98482001160676,6.20195189949493e-07,7.22093926534743e-05,"MCM2"
37.1837080383758,-2.69531631582632,0.540955927676262,-4.98250629659308,6.2765947586828e-07,7.26876663604464e-05,"ANKRD35"
62.0343707779672,-2.02340251798644,0.407138124733184,-4.96981833698936,6.70156598363647e-07,7.71963366710806e-05,"CORO6"
330.484126392747,-1.61337207847567,0.324879867948449,-4.96605741889698,6.83277321288449e-07,7.8291289258321e-05,"LIMS2"
360.134435027643,-3.0997326702398,0.625313086655298,-4.95708907488214,7.1557175405684e-07,8.15601152939733e-05,"CNN1"
164.223109220388,3.39562380881511,0.685471095440427,4.95370823277874,7.28123594908158e-07,8.25562543001627e-05,"KLHDC7B"
85.2990567492432,-2.27615693165658,0.460050537051565,-4.94762368118148,7.51249693630087e-07,8.47347050273602e-05,"GSTM2"
186.109372855536,1.11982867200669,0.226634208647765,4.94112816722706,7.76718274303542e-07,8.67041801459666e-05,"GMPS"
188.634563336183,-1.18467075875132,0.2397549646576,-4.9411730032084,7.76539656986023e-07,8.67041801459666e-05,"NYNRIN"
17.3419014264961,-2.9257213224518,0.592718173831013,-4.93610867968077,7.96967076476176e-07,8.85083026059901e-05,"MAMDC2"
13.1640018293309,3.28624146840406,0.666091495689941,4.93361871404791,8.07199426711184e-07,8.91872999227418e-05,"EXO1"
94.4217653786668,1.9242704022696,0.390606652750245,4.92636361598271,8.37740372740056e-07,9.2091906152582e-05,"LYZ"
23.2070752764909,2.460509489723,0.50004073782298,4.92061806891032,8.62713373378964e-07,9.43581859287618e-05,"GINS1"
34.9506930057914,-2.34041555767373,0.475828693971725,-4.91860954861374,8.71611327460756e-07,9.48523362185434e-05,"LOC124902887"
19.5307407049312,4.41902537958638,0.898641354637283,4.91745161379762,8.76781190462087e-07,9.49378673032348e-05,"HOXC11"
326.259388940095,6.75918460515213,1.37761328702193,4.90644556700225,9.27417114367488e-07,9.8107932478454e-05,"COL11A1"
11.9342335334072,5.28938532772391,1.07803154485598,4.90652184805087,9.27056664619248e-07,9.8107932478454e-05,"PAX6"
79.1364975340633,-2.63447597449284,0.536779113492328,-4.90793309253918,9.20412411230656e-07,9.8107932478454e-05,"PIK3C2G"
25.17941625296,2.05006765146858,0.417647708268889,4.90860505368489,9.1726489943766e-07,9.8107932478454e-05,"STIL"
614.913606948442,-2.34171939626417,0.477300678176792,-4.90617236331852,9.28709187203688e-07,9.8107932478454e-05,"ZBTB16"
25.7410062663131,4.3745626034559,0.895104493536804,4.88720885108151,1.02275581908452e-06,0.000107518446689778,"EN1"
29.3981819383531,2.11472751207234,0.434060680108279,4.87196285907492,1.10494944062692e-06,0.000115597995585587,"NTN3"
392.028411238011,-2.56846010434239,0.529543385879425,-4.85032987443869,1.23256313132704e-06,0.000128328784480858,"IFFO2"
18.1925552894239,-3.19289321434841,0.659695446096785,-4.83995036382284,1.29871561499519e-06,0.000134569307934621,"GSTM5"
361.219258571045,3.21591058639573,0.664683364440532,4.83825947577699,1.30981075888574e-06,0.000135072675211569,"LOC729737"
157.938005164205,-5.62282646417357,1.16241309581446,-4.83720158041909,1.31679868166511e-06,0.000135149726303979,"PSAPL1"
136.750182761877,-1.95605098902372,0.405254553347089,-4.82672180452571,1.38798793450059e-06,0.000141784276931815,"RUNX1T1"
142.049610220996,1.54211904102373,0.319813069810665,4.82193877172278,1.42169589061403e-06,0.000143870309379147,"SLC15A3"
29.9233184451801,-2.75489413526175,0.571297717171137,-4.82216898905707,1.42005557945125e-06,0.000143870309379147,"TMEM132C"
92.8516130927531,-2.33745139172827,0.487138248428283,-4.79833271000561,1.59991856459531e-06,0.000161152727604074,"PAPPA"
45.5066707901681,-3.50860976732027,0.732683160937267,-4.78871353182454,1.67853893360005e-06,0.000166024621044367,"ADRA1A"
33.9387279364868,3.89473838508935,0.813634691291458,4.78683913895971,1.69428524431128e-06,0.000166024621044367,"CCDC194"
31.4544477623062,2.29617111809691,0.479588283717695,4.78779652475523,1.68622482811735e-06,0.000166024621044367,"KIF2C"
13.2068547357548,6.508818490813,1.35952305738322,4.78757491861966,1.68808728836681e-06,0.000166024621044367,"LOC124904604"
155.281317762277,2.96211143477671,0.618501869810357,4.78917134993455,1.6747143437515e-06,0.000166024621044367,"LRRC15"
68.1523110470948,-1.84479501660366,0.385077884806901,-4.7907062165586,1.66195315963079e-06,0.000166024621044367,"MEIS1"
24.198850322976,-3.11151763718785,0.650283283812868,-4.78486486526886,1.71102411580294e-06,0.000166909631764993,"THEM5"
642.659005297711,-1.96465900637603,0.411459972101384,-4.77484844113083,1.79842644032538e-06,0.000174648982025499,"SLIT3"
1013.77259563747,-2.03792640548035,0.427509120885972,-4.76697760566357,1.87010086992468e-06,0.000180798680531647,"LTBP4"
3135.47433443589,-2.7455684837005,0.576702326101313,-4.76080702198897,1.92820356601443e-06,0.000183212263617791,"IGFBP5"
16.2440069121846,3.98120683871992,0.835959625591512,4.76243913801804,1.91266893511771e-06,0.000183212263617791,"MCM10"
36.0179773443471,-2.91930451837203,0.613204777901431,-4.76073348345843,1.92890635873921e-06,0.000183212263617791,"SLC2A4"
15.4264616578032,-2.35959770911308,0.495359771337428,-4.7634019669025,1.90356110609891e-06,0.000183212263617791,"THSD4-AS2"
485.604461224756,-1.58739105065687,0.333808520872713,-4.75539403999268,1.98059721775576e-06,0.000187300494968205,"PIK3R1"
8.56686967807117,-3.97232409192476,0.836004057233573,-4.75156078197707,2.01852461665723e-06,0.000190057256949256,"LOC105371996"
36.9288524465276,-1.93238588119371,0.407022111382107,-4.74761893065709,2.05825363067101e-06,0.000192959050328187,"SNCG"
2394.29973490868,-1.78608124867639,0.37633972966996,-4.74592796844153,2.07552569478409e-06,0.000193739588130363,"IGFBP4"
23.1818865626058,2.6076263753713,0.549823451992695,4.74266124138688,2.10928822799351e-06,0.000194377641980543,"CENPN"
10.9863898063052,4.42628001631059,0.93318696520987,4.74318671533859,2.1038219340549e-06,0.000194377641980543,"CLPS"
103.083074722241,2.30276628431482,0.485473170521143,4.74334406954531,2.10218769054055e-06,0.000194377641980543,"KPNA2"
323.148378926602,-1.70948616305789,0.360606366898794,-4.74058785417304,2.1309902401526e-06,0.000195545443392986,"STARD9"
91.0229245648714,3.18329787282813,0.67166686292525,4.73939991466038,2.14352079137102e-06,0.000195865342860468,"FBN2"
25.1238999019475,-3.47366560575428,0.733568974302939,-4.73529514938261,2.18736541052274e-06,0.000199031871135633,"IL22RA1"
174.038151916903,-2.55409520367092,0.539666890023166,-4.73272541059779,2.2152507946328e-06,0.000200725820956351,"GALNT16"
71.1180520948907,-1.47788392046655,0.31233602313212,-4.73171139737985,2.22634796940496e-06,0.000200890798439307,"DHRS12"
554.476631143739,-6.38756583913215,1.35374383275348,-4.71844501491837,2.3765418149439e-06,0.000213553483586826,"ACSBG1"
58.4799919768745,-2.00003585590416,0.424050471255503,-4.71650426418011,2.39931341004279e-06,0.00021470880664416,"PLSCR4"
8.84042618741305,4.22250188112596,0.895781679565292,4.71376226758184,2.43184368978274e-06,0.000216724308419486,"DNAJC19P8"
23.6844956296203,2.72232455605032,0.578107851866229,4.70902539597447,2.48904060820118e-06,0.000220912554963954,"CDCA8"
41.1842495020723,-2.02148037615589,0.429588941988972,-4.70561548161961,2.53101181264564e-06,0.000223720782916955,"GPR17"
91.5337225578794,-3.00618257132624,0.63916281121218,-4.70331270623362,2.55973910873173e-06,0.000225340285116644,"AOX1"
65.6727686715814,-6.79306995003912,1.4449865218093,-4.7011303202561,2.58725320812123e-06,0.000226840305567099,"LGALS7"
65.1397125109676,-5.99574082536978,1.27697091222045,-4.69528379072015,2.66236838999692e-06,0.000232484878442635,"ELOVL3"
17.1442079128801,2.77118407237854,0.591175765385676,4.68758063952547,2.76453782126664e-06,0.000239171075580072,"DTL"
14.2611776455546,5.03234145962403,1.07367528963848,4.68702363571997,2.77206963292381e-06,0.000239171075580072,"LHFPL5"
326.30965478724,-1.31366990072981,0.280193210687326,-4.68844301226043,2.75291553225632e-06,0.000239171075580072,"MAST4"
11.8970708671369,-3.79700850163432,0.811025722613147,-4.68173622089353,2.84455359907159e-06,0.000244451002942438,"DEFB1"
50.9708670902557,-2.62068685446656,0.560208762445765,-4.67805402226331,2.89610255035126e-06,0.000247897220673545,"PTPRZ1"
22.5091010003406,-5.89553236829073,1.26061335089904,-4.67671738054032,2.91503566621746e-06,0.000248535481840966,"DGAT2L6"
43.6912712723589,-2.20866785618835,0.472908382633987,-4.67039269612138,3.00624486303214e-06,0.000255306818642447,"FXYD1"
49.8902070127678,-2.17047518847411,0.465430963468331,-4.66336655451544,3.1107793397003e-06,0.000263152489767773,"LOC124901094"
31.9202223869732,-2.39504041666017,0.51390566908416,-4.66046700930234,3.15492728245693e-06,0.000264608951395162,"CLIC6"
54.8406350692989,2.74570251652873,0.589227601636431,4.65983349880968,3.16465267876556e-06,0.000264608951395162,"CTHRC1"
59.6223414310107,-2.95714165568837,0.634441441449706,-4.66101591493026,3.14652389219752e-06,0.000264608951395162,"SOX7"
449.351317658272,-2.08750747426951,0.448868760534766,-4.65059647230189,3.30976374716801e-06,0.000275677860417963,"PLIN4"
38.127069271538,2.73784268917933,0.589026144263415,4.64808347786166,3.35033332918169e-06,0.000277987810638922,"TPX2"
496.60900890697,-1.46167730861456,0.314549432071099,-4.64689221973917,3.36973111187488e-06,0.000278530141063979,"PPL"
29.5222106195216,-2.32564018816423,0.500768230490487,-4.64414482900869,3.41487957021305e-06,0.000281110541106694,"PPP1R14A"
18.1653347116319,2.96057455000201,0.637692345300646,4.64263774188198,3.43989164172857e-06,0.000281110541106694,"SPC24"
124.423447716533,1.66912961918127,0.359501055522996,4.64290603195322,3.43542620356881e-06,0.000281110541106694,"SPRING1"
31.7424116486761,-1.82466266873592,0.393279602436457,-4.63960667533153,3.4907291251428e-06,0.00028419259373719,"PTH1R"
107.94142279944,1.36511885566829,0.294299406667992,4.63853757343221,3.50883151642525e-06,0.000284596461871555,"ABCD1"
139.020023793285,-1.29005659044887,0.278490785502969,-4.63231337481762,3.61602251854484e-06,0.000290031791339285,"ANTXR2"
197.315157485124,1.45754018092348,0.314552397077402,4.63369598981255,3.59194373090226e-06,0.000290031791339285,"LMNB2"
148.538553065446,-1.39964330576856,0.302112465358554,-4.63285519883278,3.60656805613463e-06,0.000290031791339285,"LOC105376718"
26.3990332684385,-2.47396740001075,0.535300067634179,-4.62164596941812,3.80707313386634e-06,0.000303110205099299,"GLDN"
53.8592982829858,1.97403812742744,0.427102282079175,4.62193298948822,3.80180831288174e-06,0.000303110205099299,"TRIM46"
64.3954387886132,2.86930000885363,0.621316004824424,4.61810091253718,3.87267923900826e-06,0.000307204181684846,"CENPF"
13.2271549542673,2.84949841420643,0.617375976869206,4.61549934070419,3.92151286062441e-06,0.00030994263689665,"CDC6"
309.514698954925,1.79035170521952,0.388018171299946,4.61409242567545,3.94816714072916e-06,0.000310914573089566,"ZNF469"
56.0840238580995,-2.05488565248576,0.445541955773589,-4.61210358723207,3.98614246968066e-06,0.000312767758418132,"ARHGAP6"
31.0564296232501,2.83377230598827,0.614999403099494,4.60776431929289,4.07021628974072e-06,0.000318211566680957,"SPATC1"
45.576582465274,-3.45231287505185,0.749558044867046,-4.60579790810491,4.10887285009343e-06,0.000320078238998645,"HOPX"
8.84240501674585,4.5090233553621,0.979739746313076,4.6022664409914,4.17918094679803e-06,0.000324388324673327,"VGF"
311.98542611828,-2.03810137833498,0.443271666264831,-4.59786071036023,4.26851200021561e-06,0.000330138913845248,"FAT4"
32.5018269970472,-2.36476648199496,0.514986932877048,-4.59189608711789,4.39237067080774e-06,0.000338509534686877,"NRN1"
13.4715809080011,-2.95628677467947,0.643951144190101,-4.59085569045397,4.41432481411748e-06,0.000338995099909675,"LOC124901441"
378.29792437035,-1.71629151434798,0.374029416777368,-4.58865382604268,4.46113511811197e-06,0.000340401936983122,"SEMA5A"
550.426563827103,-1.58077677473485,0.344507196663318,-4.58851597309219,4.46408155260466e-06,0.000340401936983122,"SVIL"
106.027393081033,-1.47255837564581,0.321034974565947,-4.58690950304332,4.49855559109287e-06,0.000340500333033178,"DNMBP"
95.4703920767417,-1.57924779864926,0.344390936140718,-4.58562532552825,4.52629667898466e-06,0.000340500333033178,"PLD1"
147.529506090776,-1.50998269009184,0.329152894405224,-4.58748112429747,4.48625975832893e-06,0.000340500333033178,"STARD13"
22.0929595029785,3.47460197628238,0.757731069727361,4.585534518906,4.52826449545416e-06,0.000340500333033178,"UBE2C"
157.409019040124,-1.81533263691923,0.396035390549226,-4.58376367425576,4.5668036523991e-06,0.000342210034243443,"WLS"
655.506270732973,-1.5320355806846,0.334567270240786,-4.57915557484748,4.66856865326481e-06,0.000348629388810699,"ADGRA2"
17.8063502809263,4.0788362410511,0.891202954511,4.5767759413333,4.7219672871676e-06,0.000350201793051032,"KIF26B-AS1"
245.678814657379,-1.14072524947597,0.249240706604515,-4.57680153862679,4.72138978728251e-06,0.000350201793051032,"OLFML2A"
4.22911168996358,6.5668457132132,1.4384900524704,4.56509636749702,4.99264939531763e-06,0.000369013021518767,"MNX1-AS2"
9.6559148033748,3.15565464666255,0.693705191685451,4.54898519498673,5.39052349094164e-06,0.000397065226938205,"PCLAF"
46.6944665601444,2.5844016623359,0.568230919951878,4.54815387827674,5.41185601629439e-06,0.000397285267419902,"INHBA"
100.8706173946,2.49581020308513,0.549647684067598,4.5407454182563,5.60556858138508e-06,0.000410115517562416,"H3C2"
178.097029795629,1.53663549635525,0.338471459455064,4.53992634660902,5.6273882342975e-06,0.00041032565522541,"SHMT2"
447.750952947221,-2.42068003801863,0.533428251144554,-4.53796744515253,5.67990259725643e-06,0.000412765002168407,"MFAP4"
9.07372539016411,-5.26136336021117,1.16085629406396,-4.53231238622312,5.83414860510733e-06,0.000422556261512389,"CRMA"
12.0856695066948,-4.44587567705998,0.981297104597953,-4.53061122490675,5.88132811369504e-06,0.000424235770631775,"CAPNS2"
36.7444504612141,2.34115674343785,0.516804074397934,4.53006634315963,5.89651676025879e-06,0.000424235770631775,"HMGB3"
24.4873070280989,-2.62055055070325,0.578927510009309,-4.52656076174566,5.9951367292569e-06,0.000429902917247641,"IL33"
12.2508506451295,-5.03676682113131,1.11420621927592,-4.52049785218801,6.16943710850206e-06,0.000438050262366297,"KLK13"
21.1370176965176,-3.38397180006167,0.748564241830353,-4.52061641601707,6.16598254195099e-06,0.000438050262366297,"LOC124900173"
303.393934658596,1.41335289736764,0.312571132137516,4.52170002937389,6.13449520458472e-06,0.000438050262366297,"LSR"
70.0721399931447,1.30400310328644,0.288607830354308,4.51825268110567,6.23520479354978e-06,0.000440481085030776,"C21orf58"
52.7156501921464,-1.72662626012248,0.382170949315528,-4.51794220155897,6.24435228594608e-06,0.000440481085030776,"LGI4"
402.368182777635,-1.99543982253265,0.442163621160133,-4.5128991328981,6.3947438934242e-06,0.000449625239467514,"TACC2"
8.91053779109985,-3.87089524750789,0.858784563233999,-4.50741130340178,6.56233485387343e-06,0.000459715200501105,"APOB"
38.742824903679,-3.06538115860025,0.680165287859424,-4.50681799456047,6.58070336882816e-06,0.000459715200501105,"MMRN1"
35.9532219689737,-2.11585338115587,0.469880597706724,-4.50295966992977,6.70136045616001e-06,0.000466638784690036,"PALMD"
12.3981146205837,-3.49948873709227,0.7774197280512,-4.50141488673644,6.75025958344072e-06,0.000468537248522411,"GBP6"
36.1593508555648,2.448163885615,0.54398458183458,4.50042881244649,6.78165141303509e-06,0.000469212277957469,"GINS4"
633.545449099174,-1.95175037231551,0.433755541087568,-4.49965519154367,6.80637746344894e-06,0.000469423281364491,"MYLK"
28.816698826264,-2.12314374107233,0.472795720405353,-4.49061539569783,7.1017686507402e-06,0.000488240958414063,"FAM13C"
1251.87063036569,-2.11646690485711,0.47147952902784,-4.48899002936803,7.1561646353898e-06,0.000490423738430384,"COL7A1"
24.0704298954056,2.81417521182652,0.627122874530579,4.48743830933136,7.20846754108478e-06,0.000492449757317766,"CHST6"
91.5862208167986,1.56689402263543,0.349239388118447,4.48659021846644,7.23720794054328e-06,0.000492858412454105,"E2F3"
35.4292100815187,3.03973589942175,0.678050421574311,4.48305288619102,7.35826837035477e-06,0.000499531848991859,"H2BC17"
102.324227850699,-1.63430157110385,0.365128263250763,-4.47596566903242,7.60667081323102e-06,0.000514781447285409,"CPAMD8"
23.0839299059665,3.5835442949549,0.801468235590653,4.47122435527835,7.77730552931349e-06,0.000524689497018109,"GLYATL1P2"
175.733190550743,-2.93076440636439,0.655811662724956,-4.46891169057104,7.86185778749476e-06,0.000528746559770144,"PGR"
69.0983781453512,3.7672719947252,0.84366592558696,4.46535990191167,7.99342651821037e-06,0.000534276681106061,"GLYATL2"
357.428694832599,-1.29355267327516,0.289664786215092,-4.46568839166604,7.98117050480169e-06,0.000534276681106061,"MAPKBP1"
92.8735548783064,2.16412335777354,0.484844657718497,4.46353965816003,8.06166688793788e-06,0.000537179871154408,"PAQR4"
14.1121604980891,3.96827706289389,0.889562263165092,4.4609323340388,8.16038554673958e-06,0.000542089906135559,"ILDR2"
94.8716647736224,-1.71108410668116,0.383848622495205,-4.45770547659719,8.28416155964163e-06,0.000548629366163912,"LHFPL6"
14.2584895860451,2.76325502885187,0.620234791211508,4.45517579472508,8.38244801384181e-06,0.000553446018865117,"SMPD5"
366.248558982359,-1.3582745397098,0.305177108480343,-4.45077465499772,8.55610877741364e-06,0.000563194807549148,"PLPP3"
11.1027269226144,-4.83110480020408,1.08621260397619,-4.44766041428661,8.68106254823211e-06,0.000569688153165196,"CCL27"
57.3362768842031,-1.83689920819642,0.413145475178536,-4.44613173459694,8.74303457486534e-06,0.000571188828211833,"ATOH8"
397.425718186512,-1.74731488667016,0.393026286167485,-4.44579649801224,8.75668133387183e-06,0.000571188828211833,"GAS7"
41.7755892041468,-3.43091220524237,0.772574817860765,-4.44088019169775,8.95916672823282e-06,0.000582641785785615,"IL20RB"
16.2280244258815,-2.10069763002786,0.473198993905159,-4.43935354276956,9.02294912347726e-06,0.000585032892868334,"UBXN10"
17.6104210691599,-3.77967234312304,0.851790979572619,-4.43732374933046,9.10842476839164e-06,0.000588812079953102,"RDH12"
75.729145405298,2.87027295172853,0.647046484138987,4.43596097357356,9.16624545126498e-06,0.00059078634372796,"CHAF1B"
621.986573698108,-1.65560677278084,0.373316512012037,-4.43486082053467,9.21317908382216e-06,0.00059204927667434,"KANK2"
494.077624577622,-1.22403877217419,0.27604954203652,-4.4341271611755,9.2446052448579e-06,0.000592311157345097,"MEG3"
45.3723535388795,1.63185679392558,0.368177636875696,4.43225397330834,9.32530813200525e-06,0.000595719389105327,"LAGE3"
267.174053057923,-3.26309331911222,0.737267123227339,-4.42593086862226,9.60272760884781e-06,0.000611637262050612,"DGAT2"
94.3392319932708,2.73866747840818,0.619272465963366,4.4223950343857,9.76127748734314e-06,0.000619912684064232,"SRMS"
27.5548488879751,-3.04202991398504,0.688101240568263,-4.42090456263791,9.82885803135948e-06,0.000622379384582225,"PTGFR"
465.55832532184,-1.57239206004545,0.356033125557315,-4.41642068440715,1.0034869817571e-05,0.000633571838977604,"MYOF"
68.2737806097646,-2.59647727920487,0.588119908924073,-4.414877374165,1.01067264188113e-05,0.000635005694974296,"ABCA8"
22.0078175119857,2.55263518301646,0.578215989013161,4.4146741555401,1.01162248229651e-05,0.000635005694974296,"IL21R"
106.760078532614,3.61471859696552,0.818964430449203,4.41376751244599,1.01587051317124e-05,0.000635084242508345,"CP"
637.320706457732,-1.78117696634909,0.403584151979921,-4.41339670453091,1.01761281931287e-05,0.000635084242508345,"CXCL12"
33.6002350245053,-2.39219296689884,0.542198795610678,-4.41202191200833,1.02409746171834e-05,0.000637294673303803,"GRIK5"
11.6335653601103,-6.20215042033704,1.40816809148739,-4.40441056563492,1.06071888770698e-05,0.00065819278602242,"LOC107986722"
9.1057353185985,-5.84900634651628,1.32957774343422,-4.39914580053714,1.08677796793293e-05,0.000672436104958728,"PCSK2"
46.7570508183642,-2.19207076221267,0.498850201076248,-4.39424652427397,1.11157617527473e-05,0.000684213172142359,"HYAL1"
234.553162669522,-2.37818008194606,0.541216502055098,-4.39413815527737,1.11213075634517e-05,0.000684213172142359,"JPH2"
185.928105228232,3.0564071591131,0.695870855411414,4.39220458127403,1.12207038571446e-05,0.000688372698952759,"LOC124909481"
38.8377935885144,-1.88087837520611,0.42829534941735,-4.39154517499396,1.12547944555469e-05,0.000688513640478318,"NXPH3"
402.994431951651,1.14982611088301,0.262014314810132,4.38840951005378,1.14182624814165e-05,0.000696546175486074,"IRAK1"
32.2855183301566,1.63531545352421,0.373528456434018,4.37802107270796,1.19761773289817e-05,0.000728528360214684,"C5AR1"
441.745866433814,-2.88425023631469,0.659349629198851,-4.37438668134117,1.21774359330439e-05,0.000738696225675069,"PTGDS"
8.38278525371388,4.11774543369684,0.942065768564198,4.37097448087164,1.23693250416781e-05,0.000748240511459722,"DEPDC1"
36.5231827921206,3.06090141484962,0.700465171524955,4.36981243219538,1.24353303579861e-05,0.000750137922653337,"LOC101927344"
57.4945490061834,6.69452197864565,1.53237056299764,4.36873569637735,1.24967897232218e-05,0.000751751328461367,"MSLN"
91.60987206178,-2.61725821566805,0.599689872989607,-4.36435286562427,1.2749962962057e-05,0.000764856503895584,"ABCA9"
55.4248409706801,3.01089599859779,0.690497894505232,4.36047093344899,1.29782821846824e-05,0.000774263578488932,"BLACAT1"
136.568014077205,1.56437323193115,0.358722882808501,4.36095188487396,1.29497843422469e-05,0.000774263578488932,"CLDN7"
41.8634419469245,2.66409537561618,0.611308890611054,4.35801837096332,1.31245369602395e-05,0.00077869855455054,"H3C11"
1030.36261132634,-2.36710193658838,0.543141510362585,-4.35816797542904,1.31155706808508e-05,0.00077869855455054,"MYL9"
27.3783651773446,-1.5602677088242,0.358124440667505,-4.35677527597957,1.3199266170455e-05,0.000780992645320691,"DNAJC18"
46.119527389475,3.14817212212663,0.722927281353953,4.35475628507268,1.3321504459187e-05,0.000786054061827877,"CCNO"
21.5982691261486,-3.90089555549989,0.895899444711905,-4.35416672989936,1.33574018633477e-05,0.000786054061827877,"S100A2"
65.5562526261312,-2.49406595827869,0.574014405347635,-4.344953602285,1.39305104133177e-05,0.000817558627400564,"PLAC9"
30.6718518074024,2.49134400139837,0.573529368234554,4.34388217828716,1.39986613743884e-05,0.000819337866820962,"H2BC11"
140.287545299939,2.16976289270055,0.499657116318134,4.34250373273789,1.40868091386729e-05,0.000822274767404584,"BST2"
185.483860525762,-1.74092289230438,0.401149181488409,-4.33983907394483,1.42587096565739e-05,0.000830071549254746,"PTPN13"
7.52259624247958,5.53912874599519,1.27670680464679,4.33860673870822,1.43388839998021e-05,0.000832500997050172,"STXBP5L"
13.4350951480699,-4.94612346597407,1.14035113495969,-4.33736882819774,1.44198537980839e-05,0.000834963512971403,"CWH43"
27.2062530675322,2.78965337070516,0.643296115683587,4.33649963476118,1.44769667500282e-05,0.00083603517850296,"H2AC14"
35.5618775957391,3.158612361493,0.728578100331974,4.33531060026892,1.45554452959132e-05,0.00083833171097951,"H3C12"
324.559213477323,-1.81845910760527,0.419646244640682,-4.33331438283763,1.46881125144908e-05,0.000843728818604279,"PDGFRA"
133.656314077407,-1.69894045690438,0.392372531407743,-4.32991690526594,1.49165617382427e-05,0.000854584817469272,"ERV3-1"
538.130647049194,-1.38567872243635,0.320095913235832,-4.32894849680708,1.4982296298809e-05,0.000856086038646456,"TACC1"
26.3770597728283,2.53924999168096,0.586846948187827,4.32693737186863,1.51196928677841e-05,0.00086166333880193,"AURKB"
68.0509049365949,1.25672037560546,0.290627961368016,4.32415508022678,1.53117561208142e-05,0.000868759658968402,"CYRIB"
32.7527467887392,-2.71111349004748,0.626996016322868,-4.32397243278721,1.53244454066277e-05,0.000868759658968402,"LINC02884"
24.5979982799086,-3.34789592807106,0.775052266480408,-4.319574398865,1.56330399719082e-05,0.000871620771004609,"ANXA8L1"
20.1359492126262,2.88584026353988,0.668347818508413,4.31787189786952,1.57540816416966e-05,0.000871620771004609,"AURKA"
13.9238070371839,-2.77845517450303,0.64312693083674,-4.32022831152184,1.55867852214162e-05,0.000871620771004609,"DKK2"
332.729318181772,-1.16125846303462,0.2687571023625,-4.32084753417348,1.55431045745333e-05,0.000871620771004609,"DLG5"
111.650406973135,-2.46479478064829,0.570953114183237,-4.3169828124578,1.58176469802739e-05,0.000871620771004609,"FREM1"
32.9765731451995,-2.39990606805611,0.555746444537323,-4.31834713770253,1.57202042196287e-05,0.000871620771004609,"GPLD1"
3.41516065343158,6.31417823895963,1.461611366072,4.3200117250926,1.56020910721108e-05,0.000871620771004609,"IGF2BP1"
1900.55010967451,-5.88252215164461,1.36141611423468,-4.32088476854225,1.55404817442258e-05,0.000871620771004609,"KRT10"
14.7496306945149,-3.69819893986283,0.856634387812178,-4.31712641061251,1.58073638728974e-05,0.000871620771004609,"LOC124900989"
269.548294047693,-1.79514914528693,0.41533787996257,-4.3221416391125,1.54521934844456e-05,0.000871620771004609,"PLA2R1"
87.7308742213769,-2.6385322129372,0.610977735079767,-4.31854069541949,1.57064263897403e-05,0.000871620771004609,"RYR3"
12.3954737535305,2.86520802881261,0.66421029013699,4.31370617311826,1.60540283202696e-05,0.000882401109908016,"CALHM6"
209.023464413633,-1.09051254018893,0.252867550943102,-4.31258394413093,1.61357587880904e-05,0.000884648081809839,"WDFY2"
160.873771677932,3.05505035769426,0.708848169705987,4.30987972919704,1.63343356485725e-05,0.00089327366870072,"GGT1"
142.494316269521,1.47391132127109,0.342192267484894,4.30726074584999,1.65288725142978e-05,0.000901289455485034,"LRRC45"
143.324381263887,1.43366364003571,0.332884579525402,4.30678898397668,1.65641486554785e-05,0.000901289455485034,"MCM4"
304.693864095604,-1.8782425575345,0.436190440034077,-4.30601495389894,1.66221824867478e-05,0.000902180410859675,"ETS2"
1501.93393202684,-3.10959739502067,0.72251867749196,-4.30382977200652,1.67870666998941e-05,0.000908851791132264,"KRT5"
149.749944443322,1.43731072705706,0.334145333545921,4.30145383688122,1.69681127053557e-05,0.000916362715080257,"ADA2"
63.2679242266817,-2.12503449393485,0.494196417599449,-4.29997955925535,1.70813863874527e-05,0.000917901994061229,"MEIS2"
282.384517394816,-1.73834209337017,0.404236403677972,-4.30031060427448,1.70558885276411e-05,0.000917901994061229,"PELI2"
58.3093146981417,2.73420766942708,0.635998061213112,4.29908176797239,1.71507193308463e-05,0.000919346479774274,"TOP2A"
40.9164975376684,3.23115839815293,0.751816541278703,4.29780168531185,1.72500390779407e-05,0.000922387274745391,"DNAJC22"
321.474102518435,-1.67875694014437,0.390678343426217,-4.29703096778238,1.73101020024341e-05,0.000923319135381066,"LOC124900546"
50.2949778696635,3.04196606053616,0.709151709170865,4.28958433181076,1.79007832797241e-05,0.000951483093762344,"LBX2"
279.046466148578,-2.31534581085625,0.539799267259041,-4.28927186695337,1.79259836652677e-05,0.000951483093762344,"NTRK2"
81.0672595200646,-2.2637461575113,0.52799236742761,-4.287460003523,1.80727785428907e-05,0.000956929320598635,"OSR2"
24.4415576381999,2.57149557607376,0.599896448315496,4.28656576196524,1.81456502686768e-05,0.000958444395654795,"PIF1"
35.6835537478004,1.59515713382916,0.372178669133724,4.28599827481252,1.81920398781127e-05,0.000958556728954763,"CHEK2"
33.8086304785959,1.87964178818895,0.43868781805685,4.28469109654047,1.82993262602101e-05,0.000961869440512403,"H2AC18"
25.3139400577993,3.31490321969428,0.773872215021255,4.2835278943349,1.83953024198097e-05,0.000962243162327049,"KCNG1"
199.759485602745,-8.51770744506936,1.98837424761612,-4.28375465799828,1.83765545334852e-05,0.000962243162327049,"KRTDAP"
55.4494988067557,-3.08981410013056,0.722067888875654,-4.27911855343931,1.87634906092509e-05,0.000979137717190213,"DUOXA1"
75.9968215127734,-1.59106850231271,0.372092018566504,-4.27600814562578,1.9027426416926e-05,0.000990523909819592,"GPRASP1"
26.3298195289289,2.78000949206889,0.650704751552772,4.27230550481608,1.93462274169267e-05,0.00100470479841958,"MIR9-3HG"
138.977016963991,-1.72572165003209,0.404040167338751,-4.27116358603333,1.94455697822137e-05,0.00100744798852541,"GAREM1"
23.9970798736571,3.06458345625467,0.717707389746451,4.2699622437179,1.95506060780191e-05,0.00101047237524005,"CEL"
7.00480325259965,7.23567927169408,1.69529643452685,4.26809089214744,1.97153000002645e-05,0.00101655842096602,"NKX2-2"
8.64874781107691,-5.24773099694178,1.22988011157766,-4.26686385733169,1.98240051591795e-05,0.00101973552429262,"SLC39A2"
35.6951879078415,-6.84163824129161,1.60415844183788,-4.26493921227205,1.99956633906186e-05,0.0010261281667944,"LORICRIN"
14.1371603352938,2.13314640560495,0.500610928877948,4.26108636978045,2.03435588339413e-05,0.00103661202378313,"CDC25A"
101.545478210705,1.87207925734115,0.439327247434553,4.26124095027827,2.03294905759006e-05,0.00103661202378313,"IKZF3"
467.410260186183,-2.2393353407902,0.525506517198861,-4.26128937986662,2.03250849405584e-05,0.00103661202378313,"LAMA2"
52.3960510164023,2.20447660853024,0.51757979509623,4.25920143988692,2.05158523183667e-05,0.00104293731879472,"H2AC17"
7.62062137604034,4.14775874158615,0.974025733466909,4.25836669306752,2.05925960745135e-05,0.00104438702714207,"OLR1"
27.1039376631541,2.584206271632,0.607171701095417,4.25613754226318,2.07988783833507e-05,0.00105238436978935,"ASPM"
25.0680549600141,2.39360664518411,0.562699557812044,4.25379158727478,2.10180935990706e-05,0.0010609972843391,"CDCA3"
159.900539914509,-1.66031738659961,0.390431297866628,-4.25252123913174,2.11377161776867e-05,0.00106183556328931,"ADAMTS15"
25.7207709216942,-1.68718975875433,0.396721844741212,-4.25282797284559,2.11087733237874e-05,0.00106183556328931,"LOC105370765"
187.327146357057,-1.38489345597627,0.325699809216557,-4.25205485783829,2.1181795499676e-05,0.00106183556328931,"RAPGEF3"
18.2130011017128,-3.03955323507544,0.715206363006579,-4.24989680222892,2.13869026238476e-05,0.00106717687378351,"CYP4F24P"
336.600861389179,-10.131666711028,2.38380263292464,-4.25021206499703,2.13568217626706e-05,0.00106717687378351,"KRT79"
129.167919417962,1.47185328338737,0.346957455375812,4.24217223346046,2.21366699877721e-05,0.00109606504278936,"DTX3L"
32.9017871386163,-2.26881733189441,0.534913812007586,-4.24146335533813,2.22067150508123e-05,0.00109606504278936,"GOLGA7B"
143.709425932579,-1.65333866536863,0.389814067473359,-4.24135197604591,2.22177397249621e-05,0.00109606504278936,"IL11RA"
684.860831371709,-1.89824356265441,0.447420185911219,-4.24264175472645,2.20903918749863e-05,0.00109606504278936,"LOC112268133"
96.1996170699901,1.41791921891875,0.334309237548157,4.24134023133148,2.22189025574681e-05,0.00109606504278936,"MYORG"
41.9244688605485,1.89738613363013,0.447466575500551,4.24028572750411,2.23235443459729e-05,0.00109872426444634,"RNFT2"
5.50655415234283,5.10585862803991,1.20448170562288,4.23905037677555,2.24467287692945e-05,0.00110228199144635,"LINC01614"
142.498596570773,-2.0082838588806,0.47389560825469,-4.23781909749471,2.25701507795975e-05,0.00110583526082118,"ADCY5"
8.32110694555787,-5.71954717059939,1.34988893818485,-4.23705018154329,2.2647553339176e-05,0.00110712283321263,"SERTM1"
22.4600650035746,-2.01661902636717,0.476401541726622,-4.23302371998701,2.30570175994041e-05,0.00112255077242621,"LOC124905246"
14.9273266476269,-5.06810487724253,1.19730472656681,-4.23292814668406,2.30668218382741e-05,0.00112255077242621,"SEC14L4"
49.3145700095767,3.80735764177393,0.900235460771413,4.22929089964018,2.34429055336696e-05,0.0011382949825945,"COL22A1"
334.233203326564,2.25535956922917,0.533694186827349,4.22593992008158,2.37945475930537e-05,0.00115278461448584,"UCP2"
54.7435038576013,1.73187362509897,0.410294273575835,4.22105239248206,2.43164406242098e-05,0.00117543937088814,"DBNDD1"
131.366430703736,4.51361565628086,1.06980344986028,4.21910740414078,2.45271417499431e-05,0.0011829839236899,"AP1S3"
144.681979977562,-1.88825933211323,0.448537361512204,-4.20981504360557,2.55579829232444e-05,0.0012272365369973,"PDLIM3"
62.4716039873925,-1.69388946282025,0.402352204763675,-4.209966896578,2.55408108276288e-05,0.0012272365369973,"PRKG1"
36.1284830228653,-1.90337250119187,0.452532778025748,-4.20604339313422,2.59880355765666e-05,0.00124512588151798,"AKAP6"
40.84862331623,-3.37808393427513,0.803258053031538,-4.20547783060009,2.60531127505735e-05,0.00124548832169188,"SGK2"
25.1606447338283,2.96121109080299,0.705827127092612,4.19537727743701,2.72417756335186e-05,0.00129658877608677,"CDH2"
8.94808943121576,-3.88495918004502,0.925908492514215,-4.19583491398355,2.71868223123633e-05,0.00129658877608677,"LOC105374056"
239.455566310764,-6.28881501348653,1.50009245773455,-4.19228493621249,2.76158836688783e-05,0.00131151222967813,"PM20D1"
72.2181337954704,2.38457525867379,0.568952811273268,4.19116526261169,2.77525411464309e-05,0.00131511822990614,"COL8A1"
138.759701920425,1.97756218137087,0.472204779702302,4.18793342714068,2.8150605938187e-05,0.00132541804390696,"FANCA"
213.124902405435,-1.35726179681052,0.324090484318019,-4.18791005131357,2.81535048114703e-05,0.00132541804390696,"MAP1A"
10.3872263297311,2.69251589183953,0.642778530743879,4.18887029211059,2.8034657148504e-05,0.00132541804390696,"NKILA"
28.3964961642714,3.73179661104918,0.891580518109148,4.18559685328648,2.84417759959088e-05,0.0013360848177167,"SIX2"
207.088838795685,-1.28107898745973,0.3062041182444,-4.18374186083683,2.86749706160432e-05,0.00134412373086804,"ABCC3"
293.793228472451,-1.84491115245864,0.441254672563429,-4.1810574871441,2.90156487285142e-05,0.00135715526752636,"ALS2CL"
274.960403758594,-1.4346905352833,0.343271925897264,-4.17945782059871,2.92204907661288e-05,0.00136379083627432,"CBX7"
59.6485905551548,1.63978430318769,0.39292691224825,4.17325525962367,3.00278194316068e-05,0.00139645400879794,"EIF4EBP1"
86.7635231011012,-3.08568081247031,0.739449513462401,-4.17294319124224,3.00689934631521e-05,0.00139645400879794,"OVOL1"
69.2680611848363,-1.29236852483123,0.309727082187135,-4.17260420272319,3.01137801121462e-05,0.00139645400879794,"SCML1"
6.32171672639848,-4.8351911169186,1.15913616542179,-4.17137456422917,3.02767707479078e-05,0.00140101228059122,"CLCA4"
12.6940158776987,3.54175341788379,0.849309122412393,4.1701582196877,3.04388238628176e-05,0.00140550782424984,"S100P"
62.741850072712,2.57204805937513,0.617217573711412,4.167165953991,3.08409976802143e-05,0.00142104818247387,"ISG15"
33.7487675274654,2.30728557435787,0.553890539925144,4.16559844959564,3.10536876048014e-05,0.00142478529400334,"ASF1B"
86.6785544126336,-6.28176412667077,1.50785941419818,-4.16601446230395,3.09971046301541e-05,0.00142478529400334,"KRT13"
64.7661802195793,-1.43479262009317,0.344567187795566,-4.16404309787165,3.12661057092749e-05,0.00143149848887961,"NPR1"
185.002497463288,-1.25096517463532,0.300626510857286,-4.1611938051238,3.16588266742202e-05,0.00143889785750783,"EVA1C"
61.2460328651968,3.10346707156227,0.745720964146797,4.16170018113015,3.15886915974174e-05,0.00143889785750783,"FCGR3A"
20.8554458374662,-4.51871725436086,1.08562285053469,-4.16232695556778,3.15020853071107e-05,0.00143889785750783,"FOXN1"
35.0058212301659,-2.37741110589399,0.571363411188239,-4.16094390949849,3.16934927055428e-05,0.00143889785750783,"GATM"
89.7208515060366,-2.65217699376565,0.637635361640319,-4.15939446479712,3.19092412564206e-05,0.00144566219382645,"ABCA10"
11.9919557766851,4.47164628171295,1.07557360862731,4.15745258701526,3.2181603807875e-05,0.00145495785399445,"HHIPL2"
34.6815876103036,-3.85456219364868,0.927430947053489,-4.15617163293385,3.23624744399613e-05,0.00146008697181626,"IGFL2"
17.1924485215515,-2.25050340827615,0.541812230626291,-4.15365929572086,3.27200246160706e-05,0.00147125863161356,"CEP126"
83.5566338796947,-1.19449697782216,0.287589574319488,-4.1534780273195,3.27459669577823e-05,0.00147125863161356,"TCP11L2"
11.2963190343708,2.64697362790028,0.637716030072192,4.15070894109504,3.31447037880272e-05,0.00148609048702592,"KIF14"
39.7769595056731,2.28400152128049,0.550418731511006,4.1495708458367,3.33099184404534e-05,0.00149041238377367,"CENPM"
134.222940120401,1.19192429249432,0.287428426147455,4.14685599636148,3.370719132022e-05,0.00150316237137331,"RFX5"
147.911167503693,-1.39430029546809,0.336245298652649,-4.14667595667544,3.37336956264974e-05,0.00150316237137331,"SEMA6A"
175.087448280191,-1.36219285552399,0.328586689975425,-4.1456117885538,3.38907604879903e-05,0.00150706018301421,"CITED2"
34.4676678709085,-2.08181359525183,0.502455639661994,-4.1432783929986,3.42375905227173e-05,0.00151662735289041,"POPDC2"
7.56229196430713,2.66010334666968,0.642037324197277,4.14322228072261,3.42459722738922e-05,0.00151662735289041,"RAB1AP1"
383.499351686694,1.27614471861581,0.308191288640028,4.1407553219532,3.46164057257572e-05,0.00152990384162653,"HDGF"
11.0133190682763,2.96705724150115,0.717129300619991,4.137409026428,3.5124964112426e-05,0.00154921837641283,"TNNT1"
4.93940784443091,4.91455516151219,1.19039128629652,4.12852077975308,3.65104449040358e-05,0.00160705324154837,"MNX1-AS1"
56.8089086088911,2.47361235591963,0.600007144103625,4.12263817227553,3.74557799497299e-05,0.00164531921012445,"E2F2"
97.2106789480358,1.5233864605899,0.369708829706721,4.12050332094682,3.78045617597969e-05,0.00165727852119466,"TMPO"
16.8420262118799,2.37358322345193,0.576218837725042,4.11923919881381,3.80125389861785e-05,0.0016630293823933,"LOC101927377"
132.144238068843,1.38130947577937,0.335529626431832,4.11680330726327,3.84163659423139e-05,0.00167604143674197,"CD37"
657.817359784555,4.0850670156931,0.992441272686285,4.1161800986328,3.85203350233536e-05,0.00167604143674197,"USB1"
45.5818458694097,-2.75774545917345,0.669998114164684,-4.11604958412704,3.85421423853666e-05,0.00167604143674197,"USP2"
553.335095812476,1.552612764703,0.377282798451234,4.11524928005347,3.86761197647564e-05,0.001678497093438,"NUP210"
127.935065537684,-1.97282381985901,0.480309109493817,-4.10740454608097,4.00130053060422e-05,0.0017330432858153,"AKAP12"
57.5933384621409,2.80010686713101,0.681941469467383,4.10608093582866,4.0242852665959e-05,0.00173951939587627,"NUDT8"
38.8631129311482,-2.93196071128896,0.714336658134019,-4.10445226057387,4.05273947010993e-05,0.00174832920248408,"TGM1"
21.9518307184713,-2.50386980171974,0.610238635328973,-4.10309943809102,4.07651936205867e-05,0.00175160919255442,"DGKG"
28.0098313313789,-2.45424865345636,0.598089224974865,-4.10348247547763,4.06977293397702e-05,0.00175160919255442,"TBX5"
32.6598774598389,1.55069492698004,0.378522624194992,4.09670341443373,4.19075253096562e-05,0.00179712746159587,"RAC3"
1025.09060643048,-2.15441278633288,0.526229961640564,-4.09405192288239,4.23899317675083e-05,0.00181182780377239,"COL14A1"
52.4333418343415,2.62177225015248,0.640409383933783,4.09390042670512,4.24176531452069e-05,0.00181182780377239,"H3C7"
8.57478502541414,3.09804955673687,0.75698368987817,4.09262392064944,4.26519173047111e-05,0.00181491276072813,"ESCO2"
80.1295984987914,1.77641610270126,0.434056312393856,4.09259363814841,4.26574896199954e-05,0.00181491276072813,"EZH2"
11.420049682902,3.06886974161664,0.750664078021808,4.08820647140049,4.34721156493958e-05,0.00184594536569278,"FCGR1A"
80.3767485013828,-1.44784333172623,0.354361723843193,-4.0857779898568,4.39293684903694e-05,0.00186171116248031,"DIPK2B"
161.117563710374,-1.60116743248659,0.392023074808866,-4.08437037352265,4.41964897459783e-05,0.00186937340222443,"ALDH3A2"
4.54478141563396,4.4680147398916,1.09440222046277,4.08260752431796,4.45331962366853e-05,0.0018799432703736,"DUSP9"
346.604798463888,-1.14578093502008,0.280683632182956,-4.08210812333096,4.46290238365689e-05,0.0018803232299703,"SNX33"
19.1353393210978,-3.75151841523707,0.919219145052099,-4.08120134946107,4.4803520369309e-05,0.00188400978081118,"ALOX12B"
65.7104623906038,2.61804349938857,0.642257834836931,4.07631228049291,4.57555613594624e-05,0.001920314800001,"TMEM158"
53.3441408763136,-1.29410555576934,0.317623999468435,-4.07433178202878,4.61466544009905e-05,0.00192886749217901,"CES4A"
455.907188394053,-1.55858181082078,0.382523802476789,-4.07447013945061,4.61192300128821e-05,0.00192886749217901,"IRS1"
13.3612092594227,-4.184599215832,1.02716544097886,-4.07392913437995,4.62265528463663e-05,0.00192886749217901,"XKR4"
14.4303546336287,-3.19121454296123,0.783792381416424,-4.07150492735621,4.67103740796068e-05,0.0019453074251307,"RANBP3-DT"
26.316094687116,-3.30201442909034,0.811196854432547,-4.07054639209639,4.69029991982789e-05,0.00194958032752001,"C1QTNF7"
30.1583967389903,2.71941545412811,0.668372198558833,4.06871419845381,4.72732904906754e-05,0.00196120762234878,"ASRGL1"
11.027982033812,-2.81533080916644,0.692900058241651,-4.06311238638198,4.84227006581774e-05,0.00200505163566633,"PTPN5"
9.87974329785859,-4.44064557277351,1.09460915721952,-4.0568321062227,4.97428127383315e-05,0.00205578311576585,"LOC101929998"
197.626624636853,-1.90971454339972,0.471077981085236,-4.05392444580036,5.03654891279269e-05,0.00207634169091647,"IRAG1"
465.681338775638,2.46081023588511,0.607065482078289,4.05361581004495,5.04320155809966e-05,0.00207634169091647,"VHL"
167.099320970318,-2.03547632545321,0.502394606306074,-4.05154892171183,5.08796846571588e-05,0.00209079781961182,"CAV1"
86.027248777009,-1.32824711369908,0.327932946430875,-4.05036190524718,5.11384814617089e-05,0.00209745256540676,"PLCD1"
87.9590180749766,2.91817783437063,0.720657678810671,4.04932594236227,5.1365364199012e-05,0.00210277566558375,"ADAMTSL2"
413.116470256952,-1.07611094964533,0.265800708012757,-4.0485631422535,5.15330319523481e-05,0.00210565913200009,"SUN1"
11.536759857462,-2.7164072985931,0.671150240171136,-4.0473907867491,5.17917338204895e-05,0.00211179099782039,"ADH4"
43.0505174846623,2.84845982352887,0.703844693353607,4.04700049659651,5.18781312726472e-05,0.00211179099782039,"CSMD2"
37.4764498864144,1.93999210991614,0.479625661592362,4.04480465760598,5.23667696312528e-05,0.00212768248242854,"HAVCR2"
262.928331136899,1.68637444693798,0.417240368478825,4.04173367281351,5.30574732081307e-05,0.00215170906328704,"BOP1"
23.2676019161542,-1.918969185425,0.474990299415156,-4.04001763359752,5.34471828359464e-05,0.00216346204017805,"PRDM16"
14.3256329453392,2.5918616437649,0.64180441406143,4.03839797137454,5.38174921597592e-05,0.00217261877203713,"CDCA2"
175.064215717779,1.32910702463116,0.329137479280765,4.03815155762735,5.38740432482424e-05,0.00217261877203713,"ITGAX"
5.31999438478143,-3.56025579142851,0.882684660939695,-4.03344019554878,5.49661743662356e-05,0.0022125417696565,"NXNL2"
22.1950818522083,2.27499702627348,0.564219130894313,4.03211607282352,5.52768721634399e-05,0.00222092011794333,"ZYG11A"
605.245156640948,2.53557315465252,0.6289251413194,4.03159770228493,5.53989573959933e-05,0.00222170337290302,"SCD"
4.47148102152853,3.93700824299427,0.976892391222021,4.03013502650928,5.5744821599332e-05,0.00223144150934406,"NUF2"
56.2763834873002,-2.21006248402806,0.548626309123496,-4.02835672893436,5.61680730841796e-05,0.00224423577621954,"TFPI"
81.7676320729849,3.0498650961562,0.757353877509369,4.02700136188114,5.64927054726333e-05,0.0022509810794199,"CES3"
223.359105901139,-1.43201976217909,0.355623627597927,-4.02678464266201,5.65447777615638e-05,0.0022509810794199,"PPP1R15A"
50.7471172193913,-1.72735170174584,0.429053047976731,-4.02596301294548,5.67426083559668e-05,0.00225471179184737,"LOC124900511"
195.115163458841,-5.92337714041885,1.47192456173937,-4.02423962096211,5.71596955143444e-05,0.00226712521256162,"DSG1"
129.092842149587,-2.01810787669088,0.5015590326947,-4.02366968818863,5.7298265708399e-05,0.00226846662190327,"LPAR1"
86.3413417908907,-1.81971141216382,0.452969674701541,-4.01729191554117,5.88707797036391e-05,0.0023234100231116,"MOB3B"
82.316563853426,-2.18507825871962,0.543934399154066,-4.01717240556561,5.89006327432706e-05,0.0023234100231116,"TMEM91"
40.7006695782534,-1.42608811159879,0.355151151837188,-4.01543991684011,5.93350139268371e-05,0.00233628920290833,"LOC101928078"
22.0962113630524,-2.24068847590629,0.558153362196919,-4.01446739850645,5.95801778382335e-05,0.00234168481173282,"NLGN1"
245.2505344902,-2.08540298059052,0.519799666546508,-4.01193597226737,6.02228355353304e-05,0.00235838286863131,"EPHA2"
13.8927120846516,3.65062488127707,0.909845282536779,4.01235787154779,6.01152733454945e-05,0.00235838286863131,"KMO"
480.870555388909,-2.25839764736272,0.564102906091465,-4.00352067499638,6.24067444788259e-05,0.00243949541233476,"KLF4"
158.63409132954,-1.51196729924634,0.377853009311429,-4.00146951853482,6.29503055682067e-05,0.00245630958087403,"MCC"
69.4572098507241,2.29683714909701,0.574312731072153,3.99927952982893,6.35356031608586e-05,0.00247468888858193,"H2BC15"
127.448249778757,-6.77070337399007,1.69380624784627,-3.9973304990457,6.40608310788579e-05,0.002490666710671,"SEC14L6"
269.690214225669,-2.42632151242833,0.607321495243142,-3.99511878211547,6.46618255126359e-05,0.00250952776577355,"ANK2"
46.4403431642455,-1.75349819845093,0.439121885262079,-3.99319245362685,6.51896151662873e-05,0.00252548534175513,"EGFLAM"
22.7169931550475,-2.45422306714102,0.614797627563085,-3.99192019798286,6.55404300292267e-05,0.00253002415813357,"AGAP11"
119.677665807908,1.64133620741535,0.411130575128124,3.99225041072134,6.54492050673512e-05,0.00253002415813357,"PAQR6"
25.8278617135301,-1.89354070232326,0.474523971677566,-3.99040051786867,6.59618121204112e-05,0.0025417597923125,"LAYN"
69.1605710781912,-2.34633510094939,0.588169288549804,-3.98921729955424,6.6291672879275e-05,0.00254993333547705,"MIR99AHG"
116.155167466298,-1.80612300903181,0.452988825731258,-3.98712486144926,6.68788330138723e-05,0.00256795746054684,"TIPARP"
13.6961833881275,3.18870039917573,0.799950259660265,3.98612333788097,6.71616093859457e-05,0.002574250996216,"CACNA1B"
216.877118677223,1.76249082916458,0.442401043633277,3.98392104749548,6.77874020930596e-05,0.00258947029400397,"RECQL4"
5.41648972189019,-3.59576584391987,0.902577825862178,-3.98388453703153,6.77978230836834e-05,0.00258947029400397,"SLC6A2"
28.5344985953259,1.82410793173464,0.457924440130303,3.98342558701515,6.79289481454275e-05,0.00258991074126299,"ECT2"
459.914785733567,-1.6608524017568,0.417155549007964,-3.98137434754606,6.85179393732742e-05,0.00260777591400286,"ACACB"
12.3849936389776,-3.68235185067893,0.925019044274895,-3.98083896052697,6.86724632913346e-05,0.00260907169304762,"PCDH20"
34.4402778287299,-1.57009799151983,0.394546161832898,-3.97950390450081,6.90592259615228e-05,0.00261459195353626,"JMJD7"
48.401809155665,-2.53630146085467,0.637277801455325,-3.97989927636367,6.89444733742732e-05,0.00261459195353626,"PKD1L2"
297.022368738232,-2.1428157765467,0.538585628366922,-3.97859813497819,6.93227977592934e-05,0.00261542597260498,"DUOX1"
1270.42786260251,-2.40764211196065,0.605086951528053,-3.97900187052543,6.92051965435124e-05,0.00261542597260498,"FOSB"
35.6302807340885,-1.64540750969516,0.413665085872315,-3.97763206489959,6.96049652985589e-05,0.00262150457131407,"SH3BGRL2"
25.9136391407728,-2.54218632096226,0.639597185989478,-3.9746677700425,7.04775674501392e-05,0.00263796673042955,"EGFR-AS1"
65.3081491296976,1.77028055487285,0.445410399557997,3.97449308913664,7.05293099796226e-05,0.00263796673042955,"H2AC11"
67.0638459047419,-1.96531442936105,0.494428355894719,-3.97492256649522,7.04021581468418e-05,0.00263796673042955,"RHOJ"
71.5969818434698,1.96026794419931,0.493072362974564,3.97561918168274,7.01963780465111e-05,0.00263796673042955,"TACC3"
37.4156688698203,-1.43672646462276,0.361695712938181,-3.97219655425753,7.1212921177236e-05,0.00265894313967969,"CACNB2"
8.12337054284096,4.74722805591064,1.19703060461528,3.96583682790329,7.31388866613842e-05,0.00272615443982605,"CXCR2P1"
75.6034727644548,-1.75092740803475,0.441748418670802,-3.96363027920552,7.38185487428636e-05,0.00274204887062685,"LOC124900515"
27.5347448604721,-2.22810997797264,0.56213078344299,-3.9636861093529,7.38012785029023e-05,0.00274204887062685,"PLLP"
9.54627972572431,2.17316244472277,0.548394277282057,3.96277374646097,7.4083984230393e-05,0.00274719651111882,"TRIM59"
12.7562330446096,2.39181168822055,0.60369801201053,3.96193401441718,7.43450893456745e-05,0.0027521662476409,"PACSIN1"
235.108903211138,-1.72015911585286,0.434274536639984,-3.96099464905741,7.46382055519448e-05,0.00275830201268416,"TINAGL1"
107.009089876196,1.61075335513872,0.406729871924981,3.96025339254112,7.48702756996419e-05,0.00275999305890154,"SLC35C1"
23.7395444287929,-1.8824167060274,0.47535358294859,-3.9600347479257,7.49388584518888e-05,0.00275999305890154,"ZNF208"
21.0323727953783,4.35616493833578,1.10055807803877,3.95814180574515,7.55351106520983e-05,0.00277722980693012,"CEACAM6"
33.0441998744761,-1.51295183319452,0.382773519055091,-3.95260319190671,7.73055736668822e-05,0.002829446653686,"LOC124909421"
317.88624761395,-1.82843276990312,0.462604604674304,-3.95247421108232,7.73472672230381e-05,0.002829446653686,"PTGIS"
91.5409800370408,2.21182019865492,0.559565874903249,3.95274318512965,7.72603443588507e-05,0.002829446653686,"TICRR"
109.785929083184,-2.71127999368219,0.686055169593773,-3.95198537063366,7.75054798814551e-05,0.00283045307304012,"RELN"
190.51596452532,1.19017462280271,0.301282545499085,3.95036035304053,7.80336170100512e-05,0.00284316701628037,"GMIP"
16.0786156322684,4.36869957317798,1.1059698760269,3.95010720262305,7.81161975751209e-05,0.00284316701628037,"VGLL1"
82.071942014804,-1.86096423308659,0.471264823690399,-3.94887150395329,7.85204839974259e-05,0.00284830754011433,"CLDN11"
15.1203663581914,-2.65327248487561,0.671881522312896,-3.94901838607191,7.84723248450345e-05,0.00284830754011433,"LOC105377124"
21.7376207236254,-1.89921589352688,0.481253512625047,-3.94639383132481,7.93370769589769e-05,0.00287311661977191,"SRRM3"
32.0520189941198,-2.45855754196568,0.623678478493181,-3.94202722515871,8.07958026380303e-05,0.00292105826699363,"ADAMTS9-AS2"
16.8266457398748,3.04174532552857,0.772079310229729,3.93967988162189,8.1590406302839e-05,0.00294486973149047,"SPIB"
13.8986431485423,-2.55626380451829,0.64948939604593,-3.93580529579195,8.29181797334162e-05,0.00297349976602776,"CYP4F29P"
35.9056274686058,3.20869680206029,0.815266813447294,3.93576280689332,8.29328527281477e-05,0.00297349976602776,"LINC01348"
34.8697743520431,-3.46310398298041,0.879880050655994,-3.93588191981225,8.2891724815174e-05,0.00297349976602776,"LOC105375587"
147.44194395074,1.02115918530808,0.2593970747247,3.93666422950932,8.26220836301012e-05,0.00297349976602776,"PTPN6"
77.260703238755,2.08874045838395,0.530825632230988,3.93488997433159,8.32348177614458e-05,0.00297939374122623,"IL2RB"
86.9260163289252,-1.83390915096285,0.466344706428909,-3.93251842613639,8.40605340337694e-05,0.00300398502481074,"PDE2A"
16.9113418141495,4.75107587064823,1.20827823835608,3.93210414607176,8.42055683291129e-05,0.00300421052345184,"ZIC1"
419.58428510506,1.78117394968125,0.453119527865954,3.93091411899637,8.46234983849821e-05,0.00301415539642298,"STAT1"
40.1645460461778,1.40390572110923,0.357451206398303,3.92754506343694,8.58173450917428e-05,0.00305165915485514,"BRME1"
383.593396119446,-2.20375749926083,0.561326537581398,-3.9259813169643,8.63768602532012e-05,0.0030665201403989,"SPARCL1"
22.0427650211449,-2.30727997029049,0.588015301716868,-3.92384341624065,8.71473896317137e-05,0.00307952352212534,"FILIP1"
60.5481879708588,1.46408755012474,0.373131757734491,3.92378166633177,8.71697413678811e-05,0.00307952352212534,"LPCAT1"
77.5268785603806,-8.41738629939327,2.14510831934769,-3.92399126117459,8.70938959108592e-05,0.00307952352212534,"PNPLA5"
68.3773343160177,2.86501252660248,0.730725361082348,3.92077883044709,8.82632432630305e-05,0.0031130762151534,"CHST1"
84.0667492807247,-2.56398054572413,0.654570979170371,-3.91703975170702,8.96429714713021e-05,0.00315659868322361,"TPPP3"
63.2912972059843,2.28517217948798,0.583485947289636,3.91641339453484,8.98760816956203e-05,0.00315786069431798,"IRF7"
57.9654160215644,-2.11299484197614,0.539557805776678,-3.91616026930524,8.99704492239654e-05,0.00315786069431798,"LDB2"
9.82219507552727,-2.89244795866393,0.739072201875363,-3.91362028138045,9.09225771953274e-05,0.00318611542353076,"LOC105370549"
67.0687474835615,-1.61088015020324,0.411704517331464,-3.91270943696329,9.12663245363595e-05,0.00319299438474863,"SPART"
109.267256751373,-1.608688441451,0.411243819789748,-3.91176320235878,9.16247276914096e-05,0.00320036306916962,"FLRT2"
60.5478086878525,-2.5550665187579,0.65419180727173,-3.90568406751174,9.39592051412583e-05,0.00327661923758307,"BARX2"
378.176765611332,1.75748283909508,0.450356475906563,3.90242604052109,9.52333421420422e-05,0.00330508534844241,"OAS3"
123.85870273239,1.53863093252238,0.394250122435604,3.90267712034431,9.51345734715542e-05,0.00330508534844241,"PNKD"
116.740262337325,-2.16035986891417,0.553544793715608,-3.90277334994517,9.50967447435948e-05,0.00330508534844241,"ZNF273"
133.63148377068,3.87877850381257,0.994189751318457,3.90144688040556,9.56194456941115e-05,0.00331317554552269,"MED18"
29.1431026810252,1.56910249352662,0.402235719334319,3.90095264568599,9.58148937842614e-05,0.00331464431276672,"RNASEH2A"
141.009483168013,-2.40941034205441,0.618260732794018,-3.89707806796318,9.73602417658716e-05,0.00336273268848758,"ABCA6"
176.823305765932,1.78095657946299,0.457092462351598,3.8962720371728,9.76846647013259e-05,0.00336321001394581,"C1QB"
18.4866922323779,-3.05443689682242,0.783862505922836,-3.89664880478809,9.75328909860339e-05,0.00336321001394581,"SOSTDC1"
108.628805437868,2.22932739769486,0.572337658482733,3.89512618059209,9.81476228554559e-05,0.00336843885983796,"OAS2"
6.58930814037072,-5.38075011956429,1.38136267203807,-3.89524795224522,9.80983255023923e-05,0.00336843885983796,"SERPINB2"
166.684123015632,-1.474568573819,0.378629756010559,-3.89448676553007,9.84068641401741e-05,0.00337199216743609,"PLAT"
11.1004844641491,-2.66096287056975,0.683400147509715,-3.89371129091236,9.87221361887261e-05,0.00337745115529708,"SLC16A9"
27.0611158003009,-2.30500311710527,0.592048658767145,-3.89326634385947,9.89034613245662e-05,0.00337831760007067,"RERG"
83.854739460307,-1.72492460620587,0.443101434950661,-3.89284364740984,9.90760100633897e-05,0.00337888200619333,"FAM126A"
15.097332105432,-3.19026356133288,0.819767661233456,-3.89166798374637,9.95574228861499e-05,0.00338996155663909,"AWAT1"
58.2593984602088,2.10009921460982,0.540471301662488,3.88568127141981,0.00010204331659599,0.00346915237708438,"MAP3K21"
67.6049153547218,-4.57163651952077,1.17679269732164,-3.88482740411778,0.000102402610065234,0.00347047092890877,"LY6D"
26.3294883716271,-2.39160501262864,0.615568026264461,-3.88520019004553,0.000102245601204614,0.00347047092890877,"PEG3"
10.3250832023584,5.59676117671248,1.44102051035094,3.88388724276345,0.000102799595682385,0.00347848131890271,"TCAM1P"
55.7681479939003,-1.57171049207154,0.404926123041157,-3.88147467559604,0.000103824965166276,0.00350769648305908,"SSPN"
18.7877423585209,-2.36407552590064,0.60919661437169,-3.88064455732226,0.000104180001682228,0.00350815094243829,"COL21A1"
21.185182053746,-3.58988532488371,0.925154807907529,-3.88030770007361,0.000104324400024486,0.00350815094243829,"DCT"
78.0449420373844,1.50527307746079,0.387899766040056,3.88057227470806,0.000104210970682809,0.00350815094243829,"FAM78A"
42.8132572013174,2.88409444037122,0.743352878217851,3.87984566264905,0.000104522765748536,0.00350818182275173,"LOC124904619"
439.583094336626,-1.38726996563682,0.357585154090926,-3.87955134536729,0.000104649310006355,0.00350818182275173,"MCAM"
173.851353293513,-1.51744412983334,0.391520953310611,-3.87576735549446,0.000106289201793686,0.00355764907889346,"DDX3P1"
48.2553384569248,2.77671704345589,0.716808657260428,3.87372141132925,0.000107185935555562,0.00358212750060378,"HPDL"
72.8188837885434,-1.73499542472938,0.448175265371198,-3.87124314701389,0.000108281715567251,0.00361317231482957,"LOC105372669"
279.433225430747,-1.17525665155686,0.303763668212586,-3.86898360318182,0.000109289990698906,0.00364120621319309,"NES"
13.2157660430702,-3.87610147387206,1.00214742435578,-3.86779567523588,0.000109823625330125,0.00364792494331181,"CYP4F3"
133.783043080696,1.27394405487719,0.329531844671477,3.86592092836198,0.000110670792748239,0.00364792494331181,"INCENP"
19.0803396476378,-2.62632689161604,0.679184894001827,-3.86688060174815,0.000110236364833308,0.00364792494331181,"KCNK7"
12.7940779509947,2.45823471701069,0.635829324800838,3.8661864452079,0.000110550436425245,0.00364792494331181,"KNL1"
9.71780617277112,4.00348563849596,1.03549459401278,3.86625450450837,0.000110519605663801,0.00364792494331181,"LINC01429"
24.5721168819376,1.77184426443726,0.458304437820501,3.86608576793058,0.000110596057960161,0.00364792494331181,"PSRC1"
138.217464231347,2.50532828083837,0.648028053240391,3.86607997649293,0.00011059868286882,0.00364792494331181,"SRD5A3"
47.2861777294838,2.1939975776569,0.567751962840824,3.86435929992904,0.000111381169677045,0.00366576080627066,"MSR1"
61.3465870577839,-1.35217068823878,0.349974116104425,-3.86363055442454,0.000111714142343813,0.00367114031350168,"ADIRF-AS1"
7.63833804467361,5.59073840536461,1.44724340406675,3.86302565943964,0.000111991239162766,0.00367467011410433,"HMGB3P32"
193.999055566844,1.38935223116602,0.359743463687548,3.8620638632999,0.000112433164506085,0.00368358942593613,"COTL1"
12.6621727836487,2.53633014171339,0.657175725715954,3.85943978522671,0.000113647254980538,0.00371774162214278,"NCAPH"
28.4694073495289,2.50865402685292,0.650678444714817,3.85544357159768,0.000115519975751061,0.00377330406465306,"HJURP"
50.4484931720833,-2.26380184484385,0.587409176834524,-3.85387551662574,0.000116262723515541,0.00379184569345264,"ADAMTSL5"
4.54602582076479,-3.91701333266492,1.01659670940448,-3.8530651303795,0.000116648345864306,0.00379870162110889,"LOC102724210"
129.126541970258,-1.37829085148393,0.357898485139121,-3.85106645798784,0.000117604576584711,0.00381835788683435,"MSRB3"
156.273630767123,1.64366146298999,0.426802997803255,3.85110102658574,0.000117587975191394,0.00381835788683435,"SLC4A3"
47.8273824883887,2.79312657891686,0.725963457112033,3.84747545011183,0.000119341231533738,0.00386894267978239,"GLYATL1P1"
36.4575769485193,-2.41994082439758,0.629339890550081,-3.84520488965415,0.000120451750270915,0.0038991077785754,"PAMR1"
39.2296172958363,-2.70687575263993,0.704285058369335,-3.84343771101333,0.000121322802687426,0.00392144270895359,"EPHX3"
7.76425079331411,-3.14037027858091,0.817275489197652,-3.84248679923574,0.000121793966715405,0.00393080498239765,"SLC7A4"
98.5623200677499,-1.01615198101724,0.264665227144597,-3.83938604999315,0.000123342358602737,0.00397485434211439,"PTPN21"
23.6226563433107,1.93146360930318,0.503134387356609,3.83886225596862,0.000123605745877448,0.00397742352558991,"SIGLEC10"
18.7646786338402,2.31016801284903,0.601889662270354,3.83819187745304,0.000123943616032175,0.00398237826230382,"CCNB2"
8.35919928760087,-2.51609988525287,0.655744550610278,-3.83701226782781,0.00012454025293471,0.00399562032230233,"LOC105378781"
16.7510866120868,3.45854091885266,0.901899465268774,3.83472998048845,0.000125702309598491,0.00402693671104277,"BCRP3"
16.5202170250758,2.40624643369781,0.627917226196844,3.83210769399005,0.000127050097296253,0.00405213093821452,"CCNA2"
16.3860515840686,3.00479762107437,0.784016140232286,3.83257112562009,0.000126810918771409,0.00405213093821452,"DKK1"
8.53246484303514,4.68870296982098,1.22342679652993,3.83243442363679,0.00012688142693017,0.00405213093821452,"ZIC4"
5.37531093446748,3.40680632980325,0.889540717844177,3.8298486639934,0.000128222089977627,0.00408349644199338,"LOC105376326"
29.0995577661018,2.13166390509276,0.556959821924177,3.82732078900829,0.000129545638073386,0.00411354888286985,"CD7"
35.3152132502168,-1.60434963282338,0.419182209474165,-3.82733235467204,0.000129539553295221,0.00411354888286985,"MAGI2-AS3"
16.0215099149805,3.16530008319674,0.827246902977814,3.82630635642479,0.000130080387435632,0.0041244815085008,"LOC124902039"
7.18776923958116,-2.57352321110384,0.672702533353911,-3.82564816319771,0.000130428460259761,0.00412870380095665,"CADM3-AS1"
25.2134697919311,-2.57507018317771,0.673162163232398,-3.82533410792536,0.000130594851480204,0.00412870380095665,"IL1RL2"
266.634676314404,-1.24652731235205,0.326216940504786,-3.82116057622016,0.000132825129608606,0.00419309184665302,"SRSF5"
7.73157906467486,2.73890536215615,0.716921789139433,3.82036841904866,0.000133252479642821,0.00420045953296206,"CCNE1"
37.6332109462791,1.49525761225729,0.391435802228253,3.81993063420749,0.000133489209676026,0.0042018057045698,"MFAP2"
39.9669471120647,-1.61402713250053,0.422601967393203,-3.81926081048928,0.000133852180700945,0.00420711585669036,"MAGI2"
88.2821808523736,1.38447072895343,0.362611502194882,3.81805519288066,0.000134507837536073,0.00422159670968291,"TIMELESS"
24.7731230728703,-1.64348922850401,0.43073690166621,-3.81552920621971,0.00013589138099135,0.00425884767980996,"NMNAT3"
6.64313126281922,3.04882101452459,0.799475135609188,3.81352824963272,0.000136996857905699,0.00428728895203151,"NEK2"
79.6961615850493,-2.26851177632559,0.595882806604548,-3.80697639062956,0.000140676169102511,0.00438717558118321,"BDKRB2"
93.4862131356358,-1.62520206128873,0.426903710643283,-3.80695229572914,0.000140689870192475,0.00438717558118321,"CLMP"
16.8207841367407,-3.93258249821259,1.0330510254268,-3.80676501103888,0.00014079640879767,0.00438717558118321,"PNPLA1"
13.8257751147833,-2.88401649880992,0.758381201436472,-3.80285863276571,0.000143035985032111,0.00445055645381523,"CSTA"
187.965642058598,-1.44233648724594,0.379693317804452,-3.7986880980317,0.00014546401167047,0.00450667902251171,"DKK3"
53.9254679527262,1.69181833276331,0.445332184872326,3.7990030593642,0.000145279299275472,0.00450667902251171,"H2BC18"
44.4498658964177,-2.15759390622538,0.567925688935655,-3.79907785166208,0.000145235469006621,0.00450667902251171,"PMEL"
167.978764608419,-1.39730539609538,0.368038499013869,-3.79662834143534,0.000146677440554924,0.00453778093236775,"CAST"
28.6615864503883,3.05694039189157,0.805350540645058,3.7957885884612,0.000147174879455384,0.00454667502066446,"LOC105369315"
324.227012264439,-1.34349479474984,0.354312852776606,-3.79183194801266,0.000149540096474043,0.0046002538670301,"ENPP7P6"
7.85137489326949,5.94538247944312,1.56785846373166,3.79204030017641,0.000149414659440378,0.0046002538670301,"GABBR2"
566.816888856176,0.959915837661947,0.253154289765387,3.7918213376971,0.000149546486996176,0.0046002538670301,"SMG5"
437.851081287873,2.05485598616976,0.542163416603432,3.79010446526087,0.000150583941367793,0.00462559692802969,"RHPN1"
277.502416310457,-1.24297922916112,0.328213678763375,-3.78710367539936,0.000152413517058304,0.00467516590002073,"ENTPD1"
76.4717540947446,2.34105297094977,0.618856562235115,3.78286846065689,0.000155031353397298,0.00474873973008753,"BAMBI"
55.7082501174186,1.61715700382757,0.42806926276557,3.77779285851972,0.000158224393299729,0.00483969980409455,"UBE2S"
212.286309097872,1.32454280563212,0.350709111963981,3.77675617897307,0.00015888413029681,0.00484618975451792,"APOL6"
282.475412421174,-1.16921308109518,0.309555316542856,-3.77707317113163,0.000158682124016466,0.00484618975451792,"SYNE3"
287.20357464681,-1.9471344718809,0.515774707776975,-3.77516470373893,0.000159901975762188,0.00487037579058501,"ATF3"
40.9978922214823,1.52191317536306,0.403262159659127,3.77400442592858,0.000160647908250605,0.00488622345656615,"B3GNT7"
44.1441713618794,1.43036336079379,0.379473894939617,3.76933269947699,0.000163684582054664,0.00497160351890015,"RPP25"
9.36984015567195,2.45808405595723,0.652217124795225,3.76881250508255,0.000164026035898173,0.0049749969655614,"MELK"
636.775906283373,-2.69228474590791,0.714500174678761,-3.76806730259843,0.000164516352127824,0.00498288968067154,"KRT17"
9.31156905408257,-2.56954329830631,0.682336681981478,-3.76579973810651,0.000166016823074454,0.00502131329678825,"LCN10"
34.0536756893188,-3.44159678342213,0.914683924402882,-3.76260770699436,0.000168150852861872,0.00507876550847518,"LOC105374284"
401.538387765211,1.7008581645521,0.452636259446197,3.75767104171705,0.000171502135899218,0.00517277194294354,"SOX4"
4.67168487940329,4.53664222797733,1.20765286015905,3.75657805122892,0.000172252564818886,0.00518818017206927,"LOC101927857"
34.0840278395503,-2.00388326329633,0.533588891499262,-3.75548159870023,0.000173008472938094,0.00519603939886468,"EPHA2-AS1"
11.508600206312,3.33285342034363,0.887540520859181,3.75515634724742,0.00017323330467216,0.00519603939886468,"PAX5"
615.347540983507,-1.07508404717362,0.286278091894933,-3.75538358544106,0.000173076196199883,0.00519603939886468,"TNS2"
27.5154715622074,-1.58026471334441,0.421063409378936,-3.75303262678483,0.000174708105817399,0.00521084374895166,"ECSCR"
9.13804954351104,-2.76135201402573,0.735789487468311,-3.75291039224674,0.000174793348987895,0.00521084374895166,"LOC124904051"
86.7924326353522,4.86411486577527,1.29615901566181,3.75271460291597,0.000174929968853336,0.00521084374895166,"MTCO1P2"
30.1573920438833,1.46162578117513,0.389409929265978,3.75343737107637,0.000174426126697341,0.00521084374895166,"NOMO1"
26.886400744858,1.82119283360377,0.485269686327638,3.75294992643361,0.000174765774601169,0.00521084374895166,"SAC3D1"
13.3459112976019,3.40248257881935,0.906929763815679,3.75164948220936,0.000175674960432795,0.00521247375642508,"CHIT1"
18.5096982432219,-2.33441060011563,0.622272910542208,-3.75142571782785,0.000175831849723432,0.00521247375642508,"LOC124900729"
298.185578138853,1.79873048962551,0.479500231628173,3.75126093999539,0.000175947465642165,0.00521247375642508,"PGAP6"
18.5083342243231,-2.84630828614976,0.758670643699247,-3.75170478756273,0.000175636204146268,0.00521247375642508,"SEC24AP1"
106.389583807794,1.25226454257701,0.333918035177486,3.75021535423025,0.000176682765764567,0.00521488779636658,"ACP2"
626.485463539187,3.68261329170409,0.981871774978116,3.75060510501605,0.000176408339368205,0.00521488779636658,"APOL1"
51.2951760614672,-2.46940430061514,0.658487091250629,-3.75011801055224,0.000176751368790777,0.00521488779636658,"GRIK3"
18.5419023253211,7.20914043436427,1.92256608271893,3.74974909791864,0.000177011587644103,0.00521545978506217,"OR2B6"
8.95659534035096,-2.8345874499486,0.756701436081595,-3.74597868431023,0.000179691849472548,0.00528723735350203,"TBX5-AS1"
13.6821738032205,2.92258697058047,0.780902989471082,3.7425736743049,0.000182145105272971,0.00535214979618922,"ITGAD"
17.6893512119781,3.28456273016039,0.878643266316375,3.73822102334044,0.000185326988063586,0.00543826728117211,"BUB1"
76.2091493889223,-2.45590650457234,0.657630010133162,-3.73448058441713,0.000188103001215831,0.00551225790843036,"GPD1"
90.1324280778354,-1.85408129534175,0.496525080458449,-3.73411408267605,0.000188377097372897,0.00551283029825332,"CREB5"
6.02624631031375,-5.25248501725441,1.40682028207053,-3.73358636081356,0.00018877242494062,0.00551694417613235,"VWC2"
298.829957065731,1.84417081555702,0.494686274151993,3.72796034965466,0.000193035738732402,0.00561879295428615,"SNTB1"
235.274304235283,1.44870559254652,0.388537863536095,3.72860853086956,0.000192539983645537,0.00561879295428615,"TERC"
25.1417564460315,1.85916202879831,0.498672309364848,3.72822391354815,0.000192834009914172,0.00561879295428615,"USP18"
66.2098183827685,-1.40970031197921,0.378357242950424,-3.72584465672281,0.000194662266570986,0.00565853160384063,"TPT1-AS1"
4.92611769455852,3.51449897063161,0.94357017426491,3.72468213439407,0.000195561478111393,0.00567705009380742,"KCNJ10"
8.2781295601074,3.52460875104328,0.946394617645242,3.72424851676881,0.00019589787986616,0.00567920279301413,"CENPA"
10.8656330019561,-2.33404303105759,0.626842441183838,-3.72349234466252,0.000196485821537522,0.0056886322877227,"LOC124901092"
24.9717745090737,-2.30821449558511,0.620145964270355,-3.72205033745706,0.000197611614730058,0.005713587621621,"MEOX1"
26.3305123064095,2.95179596774304,0.793608848468718,3.71945949624753,0.000199649558935444,0.00576481446440798,"ZNF541"
638.974458528181,-1.67984651733448,0.451790341353003,-3.7181992698289,0.000200647970385923,0.00578592869064921,"SYNE1"
184.592032184614,1.69640059704728,0.45628689210112,3.71783767277569,0.000200935309700711,0.00578650939744494,"B4GALNT3"
61.6202360678769,-1.14630794531047,0.30842601513727,-3.71663831535184,0.000201891136528883,0.0058063140141693,"SBDS"
119.270129330833,-1.3560832160485,0.365155548064342,-3.71371384944573,0.000204239723115626,0.00584623274611868,"CRYBG3"
16.4408308813026,7.37189824960367,1.98553130169514,3.71280888058019,0.000204971671443158,0.00584623274611868,"DPYSL5"
80.3572513971203,-1.06630661950651,0.287142869136379,-3.71350548496493,0.000204408032595532,0.00584623274611868,"FER"
23.8823618954605,3.08933518401032,0.831944046475928,3.71339298249273,0.000204498962281286,0.00584623274611868,"HOXC-AS2"
33.1705597442331,3.89149770727817,1.04819635016015,3.71256559582907,0.000205168862534642,0.00584623274611868,"LOC124902899"
28.0564633321046,2.17340352987802,0.585177301951879,3.71409404060711,0.000203932953530292,0.00584623274611868,"LOC124903696"
30.8848385277808,1.79467021290943,0.483349301112044,3.71298812014504,0.000204826505203134,0.00584623274611868,"PAFAH1B3"
14.5777487234859,2.86016892115398,0.770612198635623,3.71155417240727,0.0002059905697333,0.00586193400544593,"SCDP1"
188.33296956848,2.88781648708254,0.778330529337864,3.71027009507034,0.000207038241991503,0.00588401596924932,"ABR"
1237.09125885656,-1.65195324207347,0.445602260514082,-3.70723712255779,0.000209532734526042,0.00594710471677059,"DUSP1"
36.0531520774699,1.86654012644354,0.50379781336852,3.70493891976899,0.000211441678011385,0.0059934306008044,"PCDH17"
178.055612849838,1.07792316885407,0.291112106857226,3.70277684597546,0.00021325244887483,0.00603685625206969,"GFPT1"
436.360146795114,-1.51084146436927,0.408166592392106,-3.70153141518715,0.000214302116565499,0.00605865096128256,"TPM2"
104.45126603427,-1.82218712023264,0.492533901098429,-3.69961766320829,0.000215924515058317,0.00609143639272101,"ACKR1"
38.9402345282393,-1.66810331208866,0.450899622652761,-3.6995003505986,0.000216024341965725,0.00609143639272101,"CDH13"
56.6898346415652,1.29902322704625,0.351562867025337,3.6949955438628,0.000219890643745603,0.00619239503375134,"TRIB3"
363.450175383877,1.76938710699926,0.478915415000577,3.69457121566473,0.000220258156901887,0.00619468915047697,"FTH1"
50.6721069905205,-3.2393965354138,0.877465599967382,-3.69176470910565,0.000222703447005688,0.0062441521664844,"FOSL1"
140.834094962017,-1.03692119053174,0.280846610164874,-3.69212642418222,0.00022238686263431,0.0062441521664844,"MMRN2"
16.0619524021202,-2.98049850294682,0.80738160499087,-3.69156107164533,0.000222881862979887,0.0062441521664844,"SLC19A3"
58.4801246865821,1.78645221590484,0.484013902764457,3.69091095462645,0.000223452358246331,0.00625204686070097,"HAGHL"
24.7904396799696,2.84956518759654,0.772186457492713,3.69025532621884,0.000224029077952631,0.00626009511244151,"HOXC10"
135.799388616549,2.51095755834581,0.680863294130753,3.68790266708607,0.000226110104172301,0.00631010362880844,"MMP9"
303.199815173847,-1.21752384794554,0.330177085049903,-3.6874874213682,0.000226479285188854,0.0063122720721362,"PARVA"
21.021410638626,-6.05812260406047,1.64318075314447,-3.68682665766827,0.000227067914672452,0.00632054339350466,"KRT4"
5.08531893042297,-3.45385355003369,0.937248345700174,-3.6850996492861,0.000228613177419711,0.00634723970538625,"LOC107984440"
136.971435282949,-1.31225426076525,0.356068620210985,-3.68539710123202,0.000228346326842814,0.00634723970538625,"PALM"
205.434097716595,-1.68914966000558,0.458508147202234,-3.68401231322188,0.000229591142693872,0.00636623019997245,"TSHZ2"
35.6014916797895,-1.29595615687035,0.351838593235379,-3.68338261289988,0.000230159297916797,0.00637382321698998,"TRPC1"
129.047552591623,-1.7764211869313,0.482524947852168,-3.6815115878227,0.000231855249323512,0.00641258911794378,"HMGCR"
153.338424064627,0.768303133123527,0.208771207322242,3.68012018025857,0.000233124057509106,0.0064304418691403,"CARHSP1"
18.9219020357525,-2.7001379050773,0.733675548534183,-3.68028880132633,0.000232969947700842,0.0064304418691403,"PLN"
83.8949100472333,1.78300395872312,0.484534624512238,3.6798277533169,0.000233391545490593,0.0064304418691403,"QPRT"
177.640439824108,1.67581337018539,0.455474039543923,3.6792730752853,0.000233899710534074,0.00643625429647511,"LIMD2"
39.9098141769399,-1.22696357747701,0.333793705386966,-3.67581400630249,0.000237092217196553,0.00650830989496372,"PPIEL"
32.7303555343076,-1.86244747809627,0.506680226985543,-3.67578480253071,0.000237119343698115,0.00650830989496372,"SYBU"
20.5603807255488,-3.87118868496575,1.05425484819602,-3.67196668963856,0.000240691060267001,0.00659798177359769,"POU3F1"
81.7160571131339,1.81813491351109,0.495244338915077,3.67118767575222,0.000241425974357895,0.00660976093640276,"PODXL2"
187.356772564914,1.33063455825559,0.362485633406048,3.67086150629602,0.000241734304240834,0.00660984607656502,"POLD1"
50.5816871794056,-1.7490789602132,0.47661861739174,-3.66976634229041,0.000242772273871746,0.0066298566998317,"SCN4B"
30.7457585117593,-1.25282101580832,0.341608682677875,-3.66741561129957,0.000245014374612552,0.00668265906373983,"TRPC6"
28.0870077562664,1.8253800114902,0.497959534807231,3.66571956935584,0.000246644087307658,0.0067186469870876,"H2AC12"
35.3606377570848,-1.39752833493437,0.381351447602385,-3.66467295121296,0.000247654841553799,0.0067377050862928,"CATSPERG"
213.840351484289,-2.07733353630182,0.566958625124861,-3.66399494468284,0.000248311687455564,0.00673864398939562,"IGSF9B"
31.8566522482027,2.01554840836514,0.550094069572382,3.66400679420509,0.000248300193741402,0.00673864398939562,"LAG3"
21.1575896635602,1.95549515359878,0.533883014690638,3.66277836115821,0.000249494399741867,0.00676226623380459,"ACAN"
6.68374705959281,-4.86227125398162,1.32785977131582,-3.66173549271957,0.000250512437105009,0.00678137167243259,"SLITRK3"
17.0406621284792,2.31419664154848,0.63222831922272,3.6603811806368,0.000251840318106042,0.00680610973870498,"TRIP13"
50.4030779463887,2.83647792926799,0.774959456778484,3.66016299879643,0.000252054858258284,0.00680610973870498,"ZNF669"
4.72783780481533,3.39820025876175,0.928611163732294,3.65944368480735,0.000252763380823622,0.006808263401886,"DLGAP5"
4.14232798284694,6.081370376305,1.66179090362108,3.6595280206755,0.000252680213640738,0.006808263401886,"ISM2"
20.3965559782093,-2.13546422993469,0.584187115104582,-3.65544561788631,0.000256735629912232,0.00689809776846066,"CAPN11"
293.995499457911,1.66999533548097,0.456828798692518,3.65562622203467,0.000256554936792238,0.00689809776846066,"SLC9A3R1"
29.6621993558327,-2.7089817174795,0.741225567342215,-3.65473323753927,0.00025744952555242,0.00690870746637324,"ATP10B"
240.96542478909,-4.70258859215966,1.28750121213777,-3.65249255521202,0.000259707127898331,0.00694689342192532,"DSC3"
13.9868360497328,2.69828553000204,0.738676202987528,3.65286646447929,0.000259329109312031,0.00694689342192532,"LOC107987100"
280.253260428125,1.41745013164,0.388090898815005,3.65236632955844,0.000259834857395618,0.00694689342192532,"PARP1"
321.739110786525,1.50781975480347,0.41302358569719,3.65068680583519,0.000261540006390272,0.00698385989936834,"LAPTM5"
21.4890299342399,1.69820328219146,0.465276705779428,3.64987815013571,0.000262364736684071,0.00699725460299291,"H3C13"
151.296963661797,4.63727255464295,1.27136303172642,3.64748104115146,0.000264823845218356,0.00705146302979186,"KIF1A"
50.9928659089786,-1.52136150706992,0.417124150296155,-3.64726306542012,0.000265048527255753,0.00705146302979186,"LOC124902386"
123.253121620718,-1.04920102545455,0.287743313075503,-3.64630897670678,0.000266034074346602,0.00706536738926051,"ACVRL1"
31.1867997817792,1.74297091651935,0.478033673478961,3.64612581334411,0.000266223669635971,0.00706536738926051,"FTH1P7"
20.5481024313067,-7.02070464023226,1.92758091245077,-3.64223602489711,0.000270280082916858,0.0071544103270487,"CHP2"
40.2267175737019,2.58492600107203,0.709720820090229,3.64217298957553,0.00027034629297065,0.0071544103270487,"LOC107985034"
74.1791830484025,1.38109828518801,0.379218390680786,3.64196019794456,0.000270569914012416,0.0071544103270487,"SECTM1"
274.458732351565,1.71782792901191,0.471830112060984,3.64077638349178,0.000271817143822246,0.00717862447148116,"GNB4"
1004.30305521186,-1.23819175168472,0.340157517428256,-3.64005405803172,0.000272580808291219,0.00719002434147945,"SH3PXD2A"
157.34486700434,-1.17978672411895,0.32424528291551,-3.63856249044146,0.000274164106816088,0.00722299014259026,"ARRDC3"
25.545858781982,-2.41635689766112,0.664371035252672,-3.63705936810165,0.000275768387371488,0.00725642794279093,"MLXIPL"
22.3397016969557,-1.9410536267448,0.53374360596229,-3.6366779949434,0.00027617682344485,0.00725835593267192,"COL28A1"
8.60290622649698,2.37486873661713,0.653439784100242,3.63441099609082,0.000278616417167737,0.00731359652143578,"TNFRSF9"
35.8772231782884,-1.3333973355495,0.366997833653493,-3.63325669330368,0.00027986634637146,0.00733361663402113,"LOC124902495"
73.9554989577447,-3.0053251948786,0.827211031201466,-3.63308162188502,0.000280056379586972,0.00733361663402113,"NCCRP1"
245.090311549002,-1.55684882671489,0.428605980670388,-3.63235441623984,0.000280847028010289,0.00734543869395027,"ANPEP"
19.264386191897,2.24364845880687,0.617905806266568,3.63105255858196,0.000282267688488459,0.00737369006261286,"DNAH11"
263.243690931601,-1.32721040222664,0.3656418604083,-3.6298097836626,0.000283630154339274,0.00740035496671244,"DLC1"
339.344345291747,-1.30939645451892,0.360807558547658,-3.62907157430286,0.00028444237483622,0.00741261620872825,"EHD2"
27.6713125856047,2.59341171745036,0.714760490633846,3.62836467800638,0.000285222185018645,0.00742400437351414,"STRIP2"
106.038339071747,-1.11190726880669,0.307018131017656,-3.62163389217799,0.000292748223736692,0.00761075094026626,"VPS36"
167.504496488157,1.41749238337117,0.39190543520506,3.61692453341322,0.000298124176691906,0.00774121962882483,"FGFRL1"
74.6333693573811,1.72188950744436,0.476233853918098,3.61563860544128,0.000299608114415549,0.00777043512069837,"CDT1"
108.058359002447,-2.76495849295683,0.764904215580946,-3.61477742785983,0.000300605762437687,0.00778698372171118,"TMEM45A"
38.0941458221055,1.51575497779628,0.419526422958167,3.61301432960617,0.00030265797069082,0.00782493703844335,"CD8A"
25.3653371483119,1.6593853828109,0.459335552546329,3.61257771929929,0.000303168198604732,0.00782493703844335,"HOXC9"
26.5580799275957,1.92499140914608,0.532902001726352,3.61228031215873,0.000303516213164592,0.00782493703844335,"LBX2-AS1"
36.408988508014,-2.1750689576991,0.602077097436706,-3.61260869572896,0.000303131972656375,0.00782493703844335,"SHC3"
5.12632517498537,5.8650753039534,1.62380745286009,3.61192781423867,0.000303929177332519,0.00782626666386804,"LOC124900415"
707.188002958384,-1.75800489557367,0.486868030868077,-3.61084479594846,0.000305201266864084,0.00784968959050903,"TAGLN"
183.878751426913,1.29253831268332,0.358068429001505,3.60975223726828,0.000306489612823637,0.00786783045897317,"DDX11"
11.2144211257119,4.08412605782674,1.13145259713953,3.60963072439091,0.000306633215153923,0.00786783045897317,"NKX2-5"
6.03886268470873,-3.10390654932017,0.860084359563867,-3.60883966183748,0.000307569623778946,0.00788251807403179,"DNASE1L3"
50.8265011799343,-3.04693839324587,0.84452245174757,-3.60788323263739,0.000308705358422881,0.00790227333570438,"GJB3"
11.1474917470434,-2.56226460031732,0.710319473516627,-3.60720027515527,0.000309518754371577,0.00791374043054411,"ABHD12B"
51.0110664573692,1.72662619415125,0.478754103865701,3.606498994389,0.000310356061010247,0.00791645566223546,"CARMIL2"
5.39465112302477,4.03159035801245,1.11783260053328,3.60661368803263,0.000310218975592732,0.00791645566223546,"PVALEF"
9.49525338726993,-2.46075774882624,0.682506183629897,-3.6054731925486,0.000311584655948179,0.00793588921651174,"AOC4P"
64.7157919213637,1.8244674858207,0.506101132644116,3.60494645860364,0.000312217289086997,0.00793588921651174,"STMN1"
223.730903533833,-1.46376152920628,0.406025637729016,-3.60509631212798,0.000312037185412289,0.00793588921651174,"TMEM164"
64.7058482195697,-2.37369197356335,0.658834626207372,-3.60286463270407,0.000314729451358795,0.00798100819511249,"ERBB4"
172.612645684148,-1.24178722835277,0.344657105109481,-3.60296425039116,0.000314608811778565,0.00798100819511249,"VAV3"
70.2933680924356,-1.03059143811323,0.286151084606659,-3.60156397635143,0.000316308558909815,0.00799911922279429,"ARHGEF15"
7.86753265827824,3.7970461324795,1.05419933332807,3.60182938125408,0.000315985733686377,0.00799911922279429,"MSLNL"
80.68277895898,1.77588814338558,0.493150344674744,3.60110899761585,0.000316862690655295,0.00799911922279429,"PLAU"
38.5045592426201,1.80021793940498,0.499913196661893,3.60106104704919,0.00031692114393967,0.00799911922279429,"PRC1"
30.3764722889469,-1.8788937612821,0.522204761724481,-3.59800196972048,0.000320671191011526,0.00808434844301001,"LRRN4CL"
120.457796179252,2.84770927410625,0.791646988288563,3.59719586663573,0.000321666264799009,0.00809059771252885,"AKR1C1"
56.0291921155223,3.47398358193383,0.965721646486096,3.59729285822097,0.000321546383191206,0.00809059771252885,"LOC112267946"
84.0591540092536,1.25964804051747,0.350278897915244,3.59612882196023,0.00032298789678345,0.00811441518879627,"DOK3"
15.0926067901828,3.04724010133682,0.847769948486296,3.59441863535939,0.000325116724106484,0.00815843311384708,"LOC124904701"
51.5283478321362,-2.30384452119104,0.641127245378664,-3.59342788471006,0.000326356003185528,0.00818005278354837,"TENM2"
33.4928877335403,-1.82504017614422,0.507944588290702,-3.5929906887791,0.000326904273796802,0.00818432248941451,"LOC124906260"
21.9073099302447,3.06399426661186,0.852914898122665,3.59237981814594,0.000327671786977848,0.008194064917774,"CXCL17"
77.7875219627177,5.56580914331008,1.54985142313011,3.59118884574706,0.000329173005912843,0.00822211143719555,"LOC101928906"
157.750607636508,-1.62589811931503,0.452910246401307,-3.58989034192525,0.000330817101058956,0.00824644052610531,"C1orf21"
79.1331109358125,-4.41742750350788,1.23054349806901,-3.58981824733525,0.000330908608107938,0.00824644052610531,"LOC124901908"
129.671720981869,2.2736542173353,0.633448485994575,3.58932773162358,0.000331531831003459,0.0082524750944953,"MKI67"
94.4981544273103,-1.26617510702451,0.352867893261011,-3.58824118375639,0.00033291625358612,0.00826792934364796,"ARMCX4"
63.6292968851197,1.51288418240943,0.421588153253721,3.58853580380126,0.00033254033051633,0.00826792934364796,"P3H4"
5.74769908940792,5.9912240466859,1.6707509870506,3.58594673480474,0.000335857512523174,0.00833130345268617,"LDLRAD1"
122.173589363251,-4.62681260044268,1.29036867108102,-3.58565168555008,0.000336237496197253,0.00833130345268617,"LOC107986925"
79.5815982886773,1.05645606854948,0.294799353115848,3.583644459811,0.00033883322818348,0.0083405055505365,"DNASE2"
6.22625758383303,3.23331737750202,0.90225870415005,3.58358125294883,0.000338915270588669,0.0083405055505365,"GALNT13"
163.746339709047,-1.71631643646714,0.478756013647933,-3.58495013647867,0.000337142612735887,0.0083405055505365,"MIR222HG"
44.3445184385435,-1.60234822869634,0.447111580176391,-3.58377706984058,0.000338661160961693,0.0083405055505365,"NDN"
175.426269265316,1.17092149235321,0.326642230430771,3.58472170242352,0.000337437822815504,0.0083405055505365,"ORAI2"
205.106718165559,-2.16976354781305,0.605474093539731,-3.58357784579708,0.000338919693594021,0.0083405055505365,"STC2"
77.6370060603548,1.87248918382399,0.5226891006093,3.58241482678945,0.000340432630053568,0.00836822819119191,"ESPL1"
239.864818822133,-1.1964666729693,0.334018211576831,-3.58204023463578,0.000340921269455709,0.00837073810808713,"TEAD1"
156.493434064107,-1.43452202512548,0.400566892261639,-3.58122963439648,0.000341980909827341,0.00837775857830418,"ADAMTS5"
6.85649505342741,-2.99628489629004,0.83661534157584,-3.5814367097862,0.000341709922181863,0.00837775857830418,"LINC01940"
74.6461578612462,1.46691303065453,0.409844823056293,3.57919131371594,0.000344659093219534,0.0084300443747317,"LOC124902367"
9.96281688594664,3.43062011055308,0.958537929360466,3.57901341769749,0.000344893762283537,0.0084300443747317,"PLA2G2D"
18.7891611814897,-2.90243867813215,0.811219554326528,-3.57787070424079,0.00034640472413554,0.00845743033357299,"LOC124906116"
19.056162343177,1.55106107271688,0.433636783593224,3.57686693426787,0.000347737073031213,0.0084803987089684,"CGAS"
14.4779838147888,3.28790696049731,0.919473148342004,3.5758596827173,0.000349078860359237,0.00850354533176562,"SYNDIG1"
15.8300894915424,-1.79590933702218,0.502532521940091,-3.57371763739558,0.000351948453700098,0.00855920853436903,"BEGAIN"
785.00788985493,-1.33997653816183,0.374969169767921,-3.57356456529795,0.000352154359259457,0.00855920853436903,"TPM1"
11.4179602896152,-4.70930349798392,1.31932614126554,-3.56947637940881,0.000357695465672763,0.00868414013969659,"HSD3B1"
113.593824029914,1.52433202199532,0.427082956536813,3.56917081017708,0.000358112890669901,0.00868453836545059,"CHST11"
10.1014448600903,2.57156336569087,0.720659982622415,3.56834488899077,0.000359243426876526,0.00870220990205598,"SIGLEC8"
19.098267834794,1.47342431773169,0.413065675444852,3.56704612685352,0.000361027949141508,0.0087356662196743,"LOC100419920"
16.4191346878362,1.50170766550465,0.422033044501872,3.55827034178596,0.000373304988891109,0.00902193813438962,"CENPI"
322.535861557264,-1.43728645703961,0.403959325385911,-3.55799796344977,0.000373692210313423,0.00902193813438962,"GLI3"
22.6736319574059,-2.31848536437938,0.651742406632595,-3.55736459801422,0.000374594074226679,0.00903364061409016,"CSRNP3"
319.291679362001,-1.20256073255645,0.338150791698738,-3.55628542673301,0.00037613541985844,0.00906072152664557,"YAP1"
68.6093163240001,1.46508163852874,0.412200425468186,3.55429433840266,0.000378994797986569,0.00911945705021904,"SPN"
45.639092608035,-1.8100042602313,0.509328241080948,-3.55370881534062,0.000379839518702608,0.00912963886462118,"JAM2"
212.09366231139,0.834417366338398,0.234871683615948,3.55265204171143,0.000381368557665031,0.00914942641431451,"CSK"
6.94398235121177,5.1238046719321,1.44228680072768,3.55255603070553,0.000381507760072313,0.00914942641431451,"OR2B2"
161.83926556179,-0.959879292024873,0.270220043782999,-3.55221351675787,0.000382004743943275,0.00915121098986236,"CES2"
94.6611557552007,-1.10050727473231,0.309922811825308,-3.55090762196823,0.00038390513936461,0.00915622213444934,"AMT"
12.0785793649257,3.10376560989929,0.873920915829347,3.55154059558562,0.000382982907633367,0.00915622213444934,"KIF4A"
9.41691057883946,3.39876218053703,0.957038766245045,3.55133177506708,0.000383286926444505,0.00915622213444934,"PLEKHG7"
87.3949362019619,-1.24466493798175,0.35050575619633,-3.55105420090326,0.000383691391886572,0.00915622213444934,"PLPP1"
15.4271846395745,-2.01523834859293,0.567588610687156,-3.5505264035393,0.000384461569076814,0.00915940565448568,"LOC105377712"
105.963873404706,1.64346457133562,0.46305722072134,3.54916087643654,0.000386460895636065,0.00919691995153256,"ATP6V0E2"
22.6907988899376,-1.53696018662262,0.433216710051643,-3.54778601785559,0.000388483697905912,0.00923490994714646,"DPH6"
3.90686948980812,-4.08815408207106,1.15251360469995,-3.54716340475251,0.000389402987327077,0.00924661304117892,"TRHDE-AS1"
20.1016542551988,2.89336071118807,0.815857839116542,3.54640302815643,0.000390528442065325,0.00926318065867105,"KCNQ5"
204.379599563426,-1.58256726601054,0.446296013285651,-3.54600359156159,0.000391120876428365,0.00926708282268346,"EBF1"
729.072852688154,-0.962892847209259,0.271737839868066,-3.54346250664523,0.000394909459030151,0.00932623690813189,"ACADVL"
144.539949590452,-1.18896009159435,0.335523816609552,-3.5435937263969,0.000394712982774077,0.00932623690813189,"IL16"
100.399958685952,-1.86331821777627,0.525818248313755,-3.5436545303472,0.000394621971562285,0.00932623690813189,"RBMS3"
7.04370047402376,2.66403547285636,0.7522206079309,3.54156140468447,0.000397766264080006,0.00936307197273544,"CSPG5"
29.8812591611379,-1.93767901416351,0.547122837077755,-3.54157948243007,0.000397739007772006,0.00936307197273544,"DENND2C"
15.4284447799008,-2.24612919385277,0.634151968249919,-3.54194153185625,0.000397193503310863,0.00936307197273544,"TIMP4"
5.71720222201606,4.55737465606893,1.28764173067379,3.53931885516335,0.000401160985101416,0.00943272778866043,"CFAP65"
140.360982002064,-2.8155726246072,0.795653650121857,-3.5386912687147,0.000402115847389904,0.00944492493609084,"ADH1B"
36.1883694772709,-2.14490350313978,0.60627373833954,-3.53784663181062,0.00040340430035041,0.00945511407897578,"FAM107A"
48.8103645950608,2.33595633923209,0.660278582600332,3.53783448500259,0.000403422857821094,0.00945511407897578,"LOC124906254"
198.106574979513,-1.37410570827182,0.388486532674428,-3.53707424247676,0.000404585918134238,0.00947212177634061,"GAN"
835.947382555395,2.284458251066,0.646155084653885,3.53546432632295,0.000407059202678265,0.00951973444190119,"MUC1"
64.6845343125355,2.03576305802507,0.576147200442905,3.53340787989615,0.000410239027556542,0.00956421055168194,"CPNE7"
7.82690610947925,-5.62940776604702,1.59310552776556,-3.53360632295504,0.000409931172237488,0.00956421055168194,"CRCT1"
26.8112817010989,-3.01768074642184,0.854049871008769,-3.53337767366849,0.000410285907024036,0.00956421055168194,"TACR2"
140.730576373901,-1.58180885181199,0.447804978232978,-3.53236102477857,0.000411866647381423,0.00959073560827106,"PDLIM4"
11.885269358558,2.32270467682652,0.657830734113536,3.53085460495624,0.000414219371812647,0.00963516081200289,"OSM"
18.8399916522615,3.60039892471087,1.01989132439116,3.53017898927633,0.000415278619398675,0.00964943538808768,"FOXJ1"
33.3379209805863,-1.69555575186882,0.480399585233674,-3.52946964149454,0.000416393475087548,0.00965555516782128,"LOC124905989"
46.6532132340444,-1.86246881042618,0.527694665995945,-3.52944407143295,0.000416433714755498,0.00965555516782128,"PROS1"
41.8037041128744,2.09606094588348,0.594091482214824,3.5281787546746,0.000418429489241558,0.00969145349627291,"POC1A"
39.3306674922411,-2.3022385877411,0.65398072384211,-3.52034624845752,0.000430983780829041,0.00995030357956686,"IGFN1"
17.0686372113349,-2.20658836788797,0.626773335094012,-3.52055239803237,0.000430648896821884,0.00995030357956686,"RASL11A"
40.8492936009305,1.38387859105171,0.393047791642818,3.52089140424253,0.00043009871926622,0.00995030357956686,"SPR"
47.0107999692023,-1.32610076374093,0.376768317462625,-3.51967164508857,0.000432081354826406,0.00996502004272699,"PRX"
111.531551781547,1.20978137929383,0.34375184207403,3.51934515316224,0.000432613491047713,0.00996667847035029,"SLC25A10"
188.837152233515,-1.09133952682162,0.310173413828399,-3.51848184972228,0.000434023504331419,0.00998093194255701,"ACCS"
4.74586393120718,-3.35955843069096,0.954853459001885,-3.51840211607207,0.00043415394763062,0.00998093194255701,"LOC105373067"
